"Date","SA_above_water","depth_above_water","SA_under_water","Dif","linear_approx_SA","DOY","Year"
2021-01-01,349067,-0.500673680555556,319277,29790,334151.93105625,1,2021
2021-01-02,349067,-0.487397916666668,319277,29790,334547.4160625,2,2021
2021-01-03,349067,-0.48341798611111,319277,29790,334665.97819375,3,2021
2021-01-04,349067,-0.484930625000001,319277,29790,334620.91668125,4,2021
2021-01-05,349067,-0.48693826388889,319277,29790,334561.10911875,5,2021
2021-01-06,349067,-0.490690277777778,319277,29790,334449.336625,6,2021
2021-01-07,349067,-0.495396666666666,319277,29790,334309.1333,7,2021
2021-01-08,349067,-0.496207083333333,319277,29790,334284.9909875,8,2021
2021-01-09,349067,-0.497504861111111,319277,29790,334246.3301875,9,2021
2021-01-10,349067,-0.504096805555555,319277,29790,334049.9561625,10,2021
2021-01-11,349067,-0.506675416666667,319277,29790,333973.1393375,11,2021
2021-01-12,349067,-0.509267777777778,319277,29790,333895.9129,12,2021
2021-01-13,349067,-0.513121111111111,319277,29790,333781.1221,13,2021
2021-01-14,349067,-0.517994583333333,319277,29790,333635.9413625,14,2021
2021-01-15,349067,-0.518804861111111,319277,29790,333611.8031875,15,2021
2021-01-16,349067,-0.517902847222222,319277,29790,333638.67418125,16,2021
2021-01-17,349067,-0.522479930555555,319277,29790,333502.32286875,17,2021
2021-01-18,349067,-0.526024375,319277,29790,333396.73386875,18,2021
2021-01-19,349067,-0.530424999999999,319277,29790,333265.63925,19,2021
2021-01-20,349067,-0.534041041666667,319277,29790,333157.91736875,20,2021
2021-01-21,349067,-0.536503958333332,319277,29790,333084.54708125,21,2021
2021-01-22,349067,-0.540889583333334,319277,29790,332953.8993125,22,2021
2021-01-23,349067,-0.546385347222222,319277,29790,332790.18050625,23,2021
2021-01-24,349067,-0.555666805555555,319277,29790,332513.6858625,24,2021
2021-01-25,349067,-0.55227513888889,319277,29790,332614.7236125,25,2021
2021-01-26,349067,-0.483145972222221,319277,29790,334674.0814875,26,2021
2021-01-27,349067,-0.468480902777777,319277,29790,335110.95390625,27,2021
2021-01-28,349067,-0.471171111111111,319277,29790,335030.8126,28,2021
2021-01-29,349067,-0.464997777777779,319277,29790,335214.7162,29,2021
2021-01-30,349067,-0.475015624999999,319277,29790,334916.28453125,30,2021
2021-01-31,349067,-0.472905624999999,319277,29790,334979.14143125,31,2021
2021-02-01,349067,-0.476425347222222,319277,29790,334874.28890625,32,2021
2021-02-02,349067,-0.483849305555555,319277,29790,334653.1291875,33,2021
2021-02-03,349067,-0.493758660770689,319277,29790,334357.929495641,34,2021
2021-02-04,349067,-0.492894930555556,319277,29790,334383.66001875,35,2021
2021-02-05,349067,-0.497555763888888,319277,29790,334244.81379375,36,2021
2021-02-06,349067,-0.501688541666667,319277,29790,334121.69834375,37,2021
2021-02-07,349067,-0.495907638888889,319277,29790,334293.9114375,38,2021
2021-02-08,349067,-0.498460069444445,319277,29790,334217.87453125,39,2021
2021-02-09,349067,-0.501919027777777,319277,29790,334114.8321625,40,2021
2021-02-10,349067,-0.503607152777779,319277,29790,334064.54291875,41,2021
2021-02-11,349067,-0.498739652777777,319277,29790,334209.54574375,42,2021
2021-02-12,349067,-0.476484861111111,319277,29790,334872.5159875,43,2021
2021-02-13,349067,-0.463626597222222,319277,29790,335255.56366875,44,2021
2021-02-14,349067,-0.452102500000001,319277,29790,335598.866525,45,2021
2021-02-15,349067,-0.437737500000001,319277,29790,336026.799875,46,2021
2021-02-16,349067,-0.394289652777777,319277,29790,337321.11124375,47,2021
2021-02-17,349067,-0.379759305555556,319277,29790,337753.9702875,48,2021
2021-02-18,349067,-0.363092222222223,319277,29790,338250.4827,49,2021
2021-02-19,349067,-0.360333958333333,319277,29790,338332.65138125,50,2021
2021-02-20,349067,-0.369299375000001,319277,29790,338065.57161875,51,2021
2021-02-21,349067,-0.383684375,319277,29790,337637.04246875,52,2021
2021-02-22,349067,-0.388513124999999,319277,29790,337493.19400625,53,2021
2021-02-23,349067,-0.393167708333333,319277,29790,337354.53396875,54,2021
2021-02-24,349067,-0.403748333333333,319277,29790,337039.33715,55,2021
2021-02-25,349067,-0.411438333333333,319277,29790,336810.25205,56,2021
2021-02-26,349067,-0.416035763888889,319277,29790,336673.29459375,57,2021
2021-02-27,349067,-0.408263958333333,319277,29790,336904.81668125,58,2021
2021-02-28,349067,-0.396193055555555,319277,29790,337264.408875,59,2021
2021-03-01,349067,-0.384143194444444,319277,29790,337623.3742375,60,2021
2021-03-02,349067,-0.387716041666666,319277,29790,337516.93911875,61,2021
2021-03-03,349067,-0.394936458333333,319277,29790,337301.84290625,62,2021
2021-03-04,349067,-0.403769861111112,319277,29790,337038.6958375,63,2021
2021-03-05,349067,-0.415324027777778,319277,29790,336694.4972125,64,2021
2021-03-06,349067,-0.42597736111111,319277,29790,336377.1344125,65,2021
2021-03-07,349067,-0.435323472222223,319277,29790,336098.7137625,66,2021
2021-03-08,349067,-0.450022537313433,319277,29790,335660.828613433,67,2021
2021-03-09,349067,-0.462887152777778,319277,29790,335277.59171875,68,2021
2021-03-10,349067,-0.469258541666667,319277,29790,335087.78804375,69,2021
2021-03-11,349067,-0.474448680555556,319277,29790,334933.17380625,70,2021
2021-03-12,349067,-0.476467083333333,319277,29790,334873.0455875,71,2021
2021-03-13,349067,-0.481726458333334,319277,29790,334716.36880625,72,2021
2021-03-14,349067,-0.486346458333333,319277,29790,334578.73900625,73,2021
2021-03-15,349067,-0.49215361111111,319277,29790,334405.743925,74,2021
2021-03-16,349067,-0.492145138888889,319277,29790,334405.9963125,75,2021
2021-03-17,349067,-0.494663125000001,319277,29790,334330.98550625,76,2021
2021-03-18,349067,-0.481119166666666,319277,29790,334734.460025,77,2021
2021-03-19,349067,-0.455970277777778,319277,29790,335483.645425,78,2021
2021-03-20,349067,-0.458895486111111,319277,29790,335396.50346875,79,2021
2021-03-21,349067,-0.465570902777777,319277,29790,335197.64280625,80,2021
2021-03-22,349067,-0.472297708333333,319277,29790,334997.25126875,81,2021
2021-03-23,349067,-0.474584236111111,319277,29790,334929.13560625,82,2021
2021-03-24,349067,-0.472541736111111,319277,29790,334989.98168125,83,2021
2021-03-25,349067,-0.473416666666667,319277,29790,334963.9175,84,2021
2021-03-26,349067,-0.461708819444445,319277,29790,335312.69426875,85,2021
2021-03-27,349067,-0.462373194444444,319277,29790,335292.9025375,86,2021
2021-03-28,349067,-0.444571388888889,319277,29790,335823.218325,87,2021
2021-03-29,349067,-0.440286527777777,319277,29790,335950.8643375,88,2021
2021-03-30,349067,-0.446085347222223,319277,29790,335778.11750625,89,2021
2021-03-31,349067,-0.437647986111111,319277,29790,336029.46649375,90,2021
2021-04-01,349067,-0.432843402777777,319277,29790,336172.59503125,91,2021
2021-04-02,349067,-0.443759027777778,319277,29790,335847.4185625,92,2021
2021-04-03,349067,-0.453899027777778,319277,29790,335545.3479625,93,2021
2021-04-04,349067,-0.459626041666667,319277,29790,335374.74021875,94,2021
2021-04-05,349067,-0.489498629032258,319277,29790,334484.835841129,95,2021
2021-04-06,349067,-0.521036041666667,319277,29790,333545.33631875,96,2021
2021-04-07,349067,-0.525309999999999,319277,29790,333418.0151,97,2021
2021-04-08,349067,-0.529238124999999,319277,29790,333300.99625625,98,2021
2021-04-09,349067,-0.528773611111111,319277,29790,333314.834125,99,2021
2021-04-10,349067,-0.527526875,319277,29790,333351.97439375,100,2021
2021-04-11,349067,-0.509502916666667,319277,29790,333888.9081125,101,2021
2021-04-12,349067,-0.515334166666667,319277,29790,333715.195175,102,2021
2021-04-13,349067,-0.522449097222221,319277,29790,333503.24139375,103,2021
2021-04-14,349067,-0.526815138888889,319277,29790,333373.1770125,104,2021
2021-04-15,349067,-0.525017152777778,319277,29790,333426.73901875,105,2021
2021-04-16,349067,-0.533579097222223,319277,29790,333171.67869375,106,2021
2021-04-17,349067,-0.539744444444445,319277,29790,332988.013,107,2021
2021-04-18,349067,-0.544655833333334,319277,29790,332841.702725,108,2021
2021-04-19,349067,-0.540597222222223,319277,29790,332962.60875,109,2021
2021-04-20,349067,-0.544671875000001,319277,29790,332841.22484375,110,2021
2021-04-21,349067,-0.550730972222222,319277,29790,332660.7243375,111,2021
2021-04-22,349067,-0.557504513888889,319277,29790,332458.94053125,112,2021
2021-04-23,349067,-0.564067430555555,319277,29790,332263.43124375,113,2021
2021-04-24,349067,-0.559984999999999,319277,29790,332385.04685,114,2021
2021-04-25,349067,-0.544770694444445,319277,29790,332838.2810125,115,2021
2021-04-26,349067,-0.55042875,319277,29790,332669.7275375,116,2021
2021-04-27,349067,-0.556072847222222,319277,29790,332501.58988125,117,2021
2021-04-28,349067,-0.560491319444445,319277,29790,332369.96359375,118,2021
2021-04-29,349067,-0.565108541666667,319277,29790,332232.41654375,119,2021
2021-04-30,349067,-0.573820208333334,319277,29790,331972.89599375,120,2021
2021-05-01,349067,-0.584470416666667,319277,29790,331655.6262875,121,2021
2021-05-02,349067,-0.590662013888888,319277,29790,331471.17860625,122,2021
2021-05-03,349067,-0.584504539007092,319277,29790,331654.609782979,123,2021
2021-05-04,349067,-0.567361527777777,319277,29790,332165.3000875,124,2021
2021-05-05,349067,-0.547248333333334,319277,29790,332764.47215,125,2021
2021-05-06,349067,-0.554779305555556,319277,29790,332540.1244875,126,2021
2021-05-07,349067,-0.559529305555555,319277,29790,332398.6219875,127,2021
2021-05-08,349067,-0.565700625,319277,29790,332214.77838125,128,2021
2021-05-09,349067,-0.573768680555556,319277,29790,331974.43100625,129,2021
2021-05-10,349067,-0.580617361111111,319277,29790,331770.4088125,130,2021
2021-05-11,349067,-0.588357291666666,319277,29790,331539.83628125,131,2021
2021-05-12,349067,-0.596220000000001,319277,29790,331305.6062,132,2021
2021-05-13,349067,-0.602933680555555,319277,29790,331105.60565625,133,2021
2021-05-14,349067,-0.611048368794327,319277,29790,330863.869093617,134,2021
2021-05-15,349067,-0.617935416666667,319277,29790,330658.7039375,135,2021
2021-05-16,349067,-0.619049305555556,319277,29790,330625.5211875,136,2021
2021-05-17,349067,-0.6193825,319277,29790,330615.595325,137,2021
2021-05-18,349067,-0.622234444444445,319277,29790,330530.6359,138,2021
2021-05-19,349067,-0.626453055555556,319277,29790,330404.963475,139,2021
2021-05-20,349067,-0.632084791666667,319277,29790,330237.19405625,140,2021
2021-05-21,349067,-0.638639375,319277,29790,330041.93301875,141,2021
2021-05-22,349067,-0.641936597222223,319277,29790,329943.70876875,142,2021
2021-05-23,349067,-0.644563333333334,319277,29790,329865.4583,143,2021
2021-05-24,349067,-0.648914236111111,319277,29790,329735.84490625,144,2021
2021-05-25,349067,-0.652335069444444,319277,29790,329633.93828125,145,2021
2021-05-26,349067,-0.655508402777778,319277,29790,329539.40468125,146,2021
2021-05-27,349067,-0.661747847222221,319277,29790,329353.53163125,147,2021
2021-05-28,349067,-0.658897916666668,319277,29790,329438.4310625,148,2021
2021-05-29,349067,-0.645129791666667,319277,29790,329848.58350625,149,2021
2021-05-30,349067,-0.635089513888889,319277,29790,330147.68338125,150,2021
2021-05-31,349067,-0.639357642857142,319277,29790,330020.535819286,151,2021
2021-06-01,349067,-0.6435125,319277,29790,329896.762625,152,2021
2021-06-02,349067,-0.648799791666667,319277,29790,329739.25420625,153,2021
2021-06-03,349067,-0.639930486111112,319277,29790,330003.47081875,154,2021
2021-06-04,349067,-0.624824236111111,319277,29790,330453.48600625,155,2021
2021-06-05,349067,-0.633012986111112,319277,29790,330209.54314375,156,2021
2021-06-06,349067,-0.640519027777778,319277,29790,329985.9381625,157,2021
2021-06-07,349067,-0.643189513888888,319277,29790,329906.38438125,158,2021
2021-06-08,349067,-0.632235208333332,319277,29790,330232.71314375,159,2021
2021-06-09,349067,-0.610343888888888,319277,29790,330884.85555,160,2021
2021-06-10,349067,-0.595141736111112,319277,29790,331337.72768125,161,2021
2021-06-11,349067,-0.575957569444444,319277,29790,331909.22400625,162,2021
2021-06-12,349067,-0.526091041666668,319277,29790,333394.74786875,163,2021
2021-06-13,349067,-0.527637638888889,319277,29790,333348.6747375,164,2021
2021-06-14,349067,-0.514689236111112,319277,29790,333734.40765625,165,2021
2021-06-15,349067,-0.525850625,319277,29790,333401.90988125,166,2021
2021-06-16,349067,-0.540547569444444,319277,29790,332964.08790625,167,2021
2021-06-17,349067,-0.556243194444445,319277,29790,332496.5152375,168,2021
2021-06-18,349067,-0.569014583333333,319277,29790,332116.0555625,169,2021
2021-06-19,349067,-0.580534930555556,319277,29790,331772.86441875,170,2021
2021-06-20,349067,-0.590028333333333,319277,29790,331490.05595,171,2021
2021-06-21,349067,-0.598796875,319277,29790,331228.84109375,172,2021
2021-06-22,349067,-0.598579166666667,319277,29790,331235.326625,173,2021
2021-06-23,349067,-0.602777777777778,319277,29790,331110.25,174,2021
2021-06-24,349067,-0.613919930555555,319277,29790,330778.32526875,175,2021
2021-06-25,349067,-0.623545208333333,319277,29790,330491.58824375,176,2021
2021-06-26,349067,-0.632711805555555,319277,29790,330218.5153125,177,2021
2021-06-27,349067,-0.633867638888889,319277,29790,330184.0830375,178,2021
2021-06-28,349067,-0.615411690140846,319277,29790,330733.885750704,179,2021
2021-06-29,349067,-0.618599930555556,319277,29790,330638.90806875,180,2021
2021-06-30,349067,-0.627862986111111,319277,29790,330362.96164375,181,2021
2021-07-01,349067,-0.630269374999999,319277,29790,330291.27531875,182,2021
2021-07-02,349067,-0.619259652777778,319277,29790,330619.25494375,183,2021
2021-07-03,349067,-0.630761180555556,319277,29790,330276.62443125,184,2021
2021-07-04,349067,-0.644070486111112,319277,29790,329880.14021875,185,2021
2021-07-05,349067,-0.656312708333333,319277,29790,329515.44441875,186,2021
2021-07-06,349067,-0.667945416666667,319277,29790,329168.9060375,187,2021
2021-07-07,349067,-0.678400069444445,319277,29790,328857.46193125,188,2021
2021-07-08,349067,-0.682326041666666,319277,29790,328740.50721875,189,2021
2021-07-09,349067,-0.687268958333334,319277,29790,328593.25773125,190,2021
2021-07-10,349067,-0.697911944444444,319277,29790,328276.203175,191,2021
2021-07-11,349067,-0.705691527777777,319277,29790,328044.4493875,192,2021
2021-07-12,349067,-0.708813857142857,319277,29790,327951.435195714,193,2021
2021-07-13,349067,-0.708717361111111,319277,29790,327954.3098125,194,2021
2021-07-14,349067,-0.713806319444444,319277,29790,327802.70974375,195,2021
2021-07-15,349067,-0.709142986111111,319277,29790,327941.63044375,196,2021
2021-07-16,349067,-0.719983541666666,319277,29790,327618.69029375,197,2021
2021-07-17,349067,-0.725378680555556,319277,29790,327457.96910625,198,2021
2021-07-18,349067,-0.715954722222222,319277,29790,327738.708825,199,2021
2021-07-19,349067,-0.727921458333334,319277,29790,327382.21975625,200,2021
2021-07-20,349067,-0.739578958333334,319277,29790,327034.94283125,201,2021
2021-07-21,349067,-0.751741666666666,319277,29790,326672.61575,202,2021
2021-07-22,349067,-0.767122361111111,319277,29790,326214.4248625,203,2021
2021-07-23,349067,-0.78110423611111,319277,29790,325797.90480625,204,2021
2021-07-24,349067,-0.793957638888889,319277,29790,325415.0019375,205,2021
2021-07-25,349067,-0.793760763888889,319277,29790,325420.86684375,206,2021
2021-07-26,349067,-0.778366388888889,319277,29790,325879.465275,207,2021
2021-07-27,349067,-0.749925416666667,319277,29790,326726.7218375,208,2021
2021-07-28,349067,-0.761997569444445,319277,29790,326367.09240625,209,2021
2021-07-29,349067,-0.774598333333333,319277,29790,325991.71565,210,2021
2021-07-30,349067,-0.788221041666667,319277,29790,325585.89516875,211,2021
2021-07-31,349067,-0.803951111111111,319277,29790,325117.2964,212,2021
2021-08-01,349067,-0.812882222222223,319277,29790,324851.2386,213,2021
2021-08-02,349067,-0.829143541666667,319277,29790,324366.81389375,214,2021
2021-08-03,349067,-0.84461173611111,319277,29790,323906.01638125,215,2021
2021-08-04,349067,-0.860076041666666,319277,29790,323445.33471875,216,2021
2021-08-05,349067,-0.876132152777778,319277,29790,322967.02316875,217,2021
2021-08-06,349067,-0.891265000000001,319277,29790,322516.21565,218,2021
2021-08-07,349067,-0.904860416666667,319277,29790,322111.2081875,219,2021
2021-08-08,349067,-0.919627569444444,319277,29790,321671.29470625,220,2021
2021-08-09,349067,-0.93841035460993,319277,29790,321111.75553617,221,2021
2021-08-10,349067,-0.954345347222223,319277,29790,320637.05210625,222,2021
2021-08-11,349067,-0.964050486111111,319277,29790,320347.93601875,223,2021
2021-08-12,349067,-0.973471249999999,319277,29790,320067.2914625,224,2021
2021-08-13,349067,-0.986103611111112,319277,29790,319690.973425,225,2021
2021-08-14,349067,-0.997875902777778,319277,29790,319340.27685625,226,2021
2021-08-15,349067,-0.996806944444444,319277,29790,319372.121125,227,2021
2021-08-16,349067,-0.896619791666666,319277,29790,322356.69640625,228,2021
2021-08-17,349067,-0.864323402777778,319277,29790,323318.80583125,229,2021
2021-08-18,349067,-0.842079999999999,319277,29790,323981.4368,230,2021
2021-08-19,349067,-0.842918541666666,319277,29790,323956.45664375,231,2021
2021-08-20,349067,-0.830837222222222,319277,29790,324316.35915,232,2021
2021-08-21,349067,-0.839736319444444,319277,29790,324051.25504375,233,2021
2021-08-22,349067,-0.851901041666666,319277,29790,323688.86796875,234,2021
2021-08-23,349067,-0.880920291970803,319277,29790,322824.38450219,235,2021
2021-08-24,349067,-0.906216153846154,319277,29790,322070.820776923,236,2021
2021-08-25,349067,-0.919844097222223,319277,29790,321664.84434375,237,2021
2021-08-26,349067,-0.934236944444445,319277,29790,321236.081425,238,2021
2021-08-27,349067,-0.946372916666666,319277,29790,320874.5508125,239,2021
2021-08-28,349067,-0.958889791666667,319277,29790,320501.67310625,240,2021
2021-08-29,349067,-0.972132083333333,319277,29790,320107.1852375,241,2021
2021-08-30,349067,-0.981957916666667,319277,29790,319814.4736625,242,2021
2021-08-31,349067,-0.987179444444445,319277,29790,319658.92435,243,2021
2021-09-01,349067,-0.924414166666667,319277,29790,321528.701975,244,2021
2021-09-02,349067,-0.916103472222222,319277,29790,321776.2775625,245,2021
2021-09-03,349067,-0.930857291666667,319277,29790,321336.76128125,246,2021
2021-09-04,349067,-0.945773958333334,319277,29790,320892.39378125,247,2021
2021-09-05,349067,-0.958865277777777,319277,29790,320502.403375,248,2021
2021-09-06,349067,-0.987520142857143,319277,29790,319648.774944286,249,2021
2021-09-07,319277,-0.0176257638888888,278564,40713,318559.402274792,250,2021
2021-09-08,319277,-0.0324215789473676,278564,40713,317957.020256316,251,2021
2021-09-09,319277,-0.0318892287055661,278564,40713,317978.69383171,252,2021
2021-09-10,319277,-0.0308742923588046,278564,40713,318020.014935196,253,2021
2021-09-11,319277,-0.0477834027777782,278564,40713,317331.594322708,254,2021
2021-09-12,319277,-0.0625513194444451,278564,40713,316730.348131458,255,2021
2021-09-13,319277,-0.0777791666666658,278564,40713,316110.3767875,256,2021
2021-09-14,319277,-0.0928009722222214,278564,40713,315498.794017917,257,2021
2021-09-15,319277,-0.107277361111111,278564,40713,314909.416797083,258,2021
2021-09-16,319277,-0.120869166666667,278564,40713,314356.0536175,259,2021
2021-09-17,319277,-0.133799027777778,278564,40713,313829.640182083,260,2021
2021-09-18,319277,-0.147906944444445,278564,40713,313255.264570833,261,2021
2021-09-19,319277,-0.163151736111111,278564,40713,312634.603367708,262,2021
2021-09-20,319277,-0.177371805555556,278564,40713,312055.661680417,263,2021
2021-09-21,319277,-0.176735972222222,278564,40713,312081.548362917,264,2021
2021-09-22,349067,-0.981722694805194,319277,29790,319821.480921753,265,2021
2021-09-23,349067,-0.835393958333333,319277,29790,324180.61398125,266,2021
2021-09-24,349067,-0.82826625,319277,29790,324392.9484125,267,2021
2021-09-25,349067,-0.831184791666667,319277,29790,324306.00505625,268,2021
2021-09-26,349067,-0.838199930555556,319277,29790,324097.02406875,269,2021
2021-09-27,349067,-0.848016597222223,319277,29790,323804.58556875,270,2021
2021-09-28,349067,-0.856578680555556,319277,29790,323549.52110625,271,2021
2021-09-29,349067,-0.866735,319277,29790,323246.96435,272,2021
2021-09-30,349067,-0.877227222222222,319277,29790,322934.40105,273,2021
2021-10-01,349067,-0.889154722222223,319277,29790,322579.080825,274,2021
2021-10-02,349067,-0.899474652777778,319277,29790,322271.65009375,275,2021
2021-10-03,349067,-0.907681944444445,319277,29790,322027.154875,276,2021
2021-10-04,349067,-0.909010555555556,319277,29790,321987.57555,277,2021
2021-10-05,349067,-0.917547430555555,319277,29790,321733.26204375,278,2021
2021-10-06,349067,-0.919817083333333,319277,29790,321665.6490875,279,2021
2021-10-07,349067,-0.924139513888889,319277,29790,321536.88388125,280,2021
2021-10-08,349067,-0.931961250000001,319277,29790,321303.8743625,281,2021
2021-10-09,349067,-0.938512013888889,319277,29790,321108.72710625,282,2021
2021-10-10,349067,-0.948663124999999,319277,29790,320806.32550625,283,2021
2021-10-11,349067,-0.958487361111111,319277,29790,320513.6615125,284,2021
2021-10-12,349067,-0.97881143884892,319277,29790,319908.207236691,285,2021
2021-10-13,349067,-0.999198611111112,319277,29790,319300.873375,286,2021
2021-10-14,319277,-0.00975694444444386,278564,40713,318879.765520833,287,2021
2021-10-15,319277,-0.021151180555556,278564,40713,318415.871986042,288,2021
2021-10-16,319277,-0.0297775293350711,278564,40713,318064.667448181,289,2021
2021-10-17,319277,-0.0457384722222223,278564,40713,317414.849580417,290,2021
2021-10-18,319277,-0.0625859722222231,278564,40713,316728.937312917,291,2021
2021-10-19,319277,-0.0776793750000007,278564,40713,316114.439605625,292,2021
2021-10-20,319277,-0.0909227083333342,278564,40713,315575.263775625,293,2021
2021-10-21,319277,-0.102785763888889,278564,40713,315092.283194792,294,2021
2021-10-22,319277,-0.111797708333333,278564,40713,314725.379900625,295,2021
2021-10-23,319277,-0.12592375,278564,40713,314150.26636625,296,2021
2021-10-24,319277,-0.139374374999999,278564,40713,313602.651070625,297,2021
2021-10-25,319277,-0.148784444444445,278564,40713,313219.538913333,298,2021
2021-10-26,319277,-0.163725285714285,278564,40713,312611.252442714,299,2021
2021-10-27,319277,-0.191067222222221,278564,40713,311498.080181667,300,2021
2021-10-28,319277,-0.205290416666667,278564,40713,310919.01126625,301,2021
2021-10-29,319277,-0.171284444444444,278564,40713,312303.496413333,302,2021
2021-10-30,319277,-0.164121458333334,278564,40713,312595.123066875,303,2021
2021-10-31,319277,-0.17169048611111,278564,40713,312286.965238958,304,2021
2021-11-01,319277,-0.185841944444444,278564,40713,311710.816915833,305,2021
2021-11-02,319277,-0.193216527777778,278564,40713,311410.575504583,306,2021
2021-11-03,319277,-0.204722430555556,278564,40713,310942.135684792,307,2021
2021-11-04,319277,-0.217660625000001,278564,40713,310415.382974375,308,2021
2021-11-05,319277,-0.229179097222222,278564,40713,309946.431414792,309,2021
2021-11-06,319277,-0.241393472222223,278564,40713,309449.147565417,310,2021
2021-11-07,319277,-0.252783333333333,278564,40713,308985.43215,311,2021
2021-11-08,319277,-0.265221458333333,278564,40713,308479.038766875,312,2021
2021-11-09,319277,-0.28025524822695,278564,40713,307866.968078936,313,2021
2021-11-10,319277,-0.296905347222221,278564,40713,307189.092598542,314,2021
2021-11-11,319277,-0.308205833333334,278564,40713,306729.0159075,315,2021
2021-11-12,319277,-0.284382986111112,278564,40713,307698.915486458,316,2021
2021-11-13,319277,-0.289544583333333,278564,40713,307488.77137875,317,2021
2021-11-14,319277,-0.302742083333333,278564,40713,306951.46156125,318,2021
2021-11-15,319277,-0.313919236111111,278564,40713,306496.406140208,319,2021
2021-11-16,319277,-0.328284930555556,278564,40713,305911.535622292,320,2021
2021-11-17,319277,-0.339251527777778,278564,40713,305465.052549583,321,2021
2021-11-18,319277,-0.347117847222222,278564,40713,305144.791086042,322,2021
2021-11-19,319277,-0.359476805555556,278564,40713,304641.620815417,323,2021
2021-11-20,319277,-0.374768819444444,278564,40713,304019.037053958,324,2021
2021-11-21,319277,-0.384796597222222,278564,40713,303610.776137292,325,2021
2021-11-22,319277,-0.38172964539007,278564,40713,303735.640947234,326,2021
2021-11-23,319277,-0.385996805555555,278564,40713,303561.912055417,327,2021
2021-11-24,319277,-0.398973055555556,278564,40713,303033.609989167,328,2021
2021-11-25,319277,-0.410310694444444,278564,40713,302572.020697083,329,2021
2021-11-26,319277,-0.419752291666667,278564,40713,302187.624949375,330,2021
2021-11-27,319277,-0.43293388888889,278564,40713,301650.962581667,331,2021
2021-11-28,319277,-0.444714027777778,278564,40713,301171.357787083,332,2021
2021-11-29,319277,-0.4572225,278564,40713,300662.1003575,333,2021
2021-11-30,319277,-0.470183263888888,278564,40713,300134.428777292,334,2021
2021-12-01,319277,-0.480857430555556,278564,40713,299699.851429792,335,2021
2021-12-02,319277,-0.490775208333334,278564,40713,299296.068943125,336,2021
2021-12-03,319277,-0.503121763888888,278564,40713,298793.403626792,337,2021
2021-12-04,319277,-0.513110624999999,278564,40713,298386.727124375,338,2021
2021-12-05,319277,-0.524946833333333,278564,40713,297904.8395745,339,2021
2021-12-06,319277,-0.542887531914893,278564,40713,297174.419913149,340,2021
2021-12-07,319277,-0.561150347222222,278564,40713,296430.885913542,341,2021
2021-12-08,319277,-0.57292892361111,278564,40713,295951.344733021,342,2021
2021-12-09,319277,-0.584509694444444,278564,40713,295479.856810083,343,2021
2021-12-10,319277,-0.592929736111111,278564,40713,295137.051653708,344,2021
2021-12-11,319277,-0.595288729166667,278564,40713,295041.009969437,345,2021
2021-12-12,319277,-0.603169784722223,278564,40713,294720.148554604,346,2021
2021-12-13,319277,-0.614930847222222,278564,40713,294241.320417042,347,2021
2021-12-14,319277,-0.627360159722222,278564,40713,293735.285817229,348,2021
2021-12-15,319277,-0.639235805555556,278564,40713,293251.792648417,349,2021
2021-12-16,319277,-0.650670236111111,278564,40713,292786.262677208,350,2021
2021-12-17,319277,-0.659840118055556,278564,40713,292412.929273604,351,2021
2021-12-18,319277,-0.667715152777777,278564,40713,292092.312984958,352,2021
2021-12-19,319277,-0.675976201388888,278564,40713,291755.980912854,353,2021
2021-12-20,319277,-0.684195902777779,278564,40713,291421.332210208,354,2021
2021-12-21,319277,-0.696740493055556,278564,40713,290910.604306229,355,2021
2021-12-22,319277,-0.726900069444444,278564,40713,289682.717472708,356,2021
2021-12-23,319277,-0.734576131944445,278564,40713,289370.201940146,357,2021
2021-12-24,319277,-0.733580249999999,278564,40713,289410.74728175,358,2021
2021-12-25,319277,-0.740567680555555,278564,40713,289126.268021542,359,2021
2021-12-26,319277,-0.752191576388888,278564,40713,288653.024350479,360,2021
2021-12-27,319277,-0.764776645833333,278564,40713,288140.648418188,361,2021
2021-12-28,319277,-0.775823687500001,278564,40713,287690.890210812,362,2021
2021-12-29,319277,-0.782707506944444,278564,40713,287410.629269771,363,2021
2021-12-30,319277,-0.787179472222222,278564,40713,287228.562147417,364,2021
2021-12-31,319277,-0.795840111111112,278564,40713,286875.961556333,365,2021
2022-01-01,319277,-0.800149138888889,278564,40713,286700.528108417,1,2022
2022-01-02,319277,-0.776838104166666,278564,40713,287649.590265063,2,2022
2022-01-03,319277,-0.744485062500001,278564,40713,288966.779650437,3,2022
2022-01-04,319277,-0.738116743055556,278564,40713,289226.053039979,4,2022
2022-01-05,319277,-0.744001180555555,278564,40713,288986.479936042,5,2022
2022-01-06,319277,-0.748222374999999,278564,40713,288814.622446625,6,2022
2022-01-07,319277,-0.750509736111111,278564,40713,288721.497113708,7,2022
2022-01-08,319277,-0.762065020833333,278564,40713,288251.046806813,8,2022
2022-01-09,319277,-0.767175465277777,278564,40713,288042.985282146,9,2022
2022-01-10,319277,-0.764793979166667,278564,40713,288139.942726187,10,2022
2022-01-11,319277,-0.772502118055556,278564,40713,287826.121267604,11,2022
2022-01-12,319277,-0.778028347222222,278564,40713,287601.131899542,12,2022
2022-01-13,319277,-0.782293229166667,278564,40713,287427.495760937,13,2022
2022-01-14,319277,-0.785359520833333,278564,40713,287302.657828312,14,2022
2022-01-15,319277,-0.794897583333332,278564,40713,286914.33468975,15,2022
2022-01-16,319277,-0.792041715277778,278564,40713,287030.605645896,16,2022
2022-01-17,319277,-0.767043375,278564,40713,288048.363073625,17,2022
2022-01-18,319277,-0.772828715277777,278564,40713,287812.824514896,18,2022
2022-01-19,319277,-0.780463381944445,278564,40713,287501.994330896,19,2022
2022-01-20,319277,-0.781393145833333,278564,40713,287464.140853688,20,2022
2022-01-21,319277,-0.787009506944445,278564,40713,287235.481943771,21,2022
2022-01-22,319277,-0.794602736111111,278564,40713,286926.338804708,22,2022
2022-01-23,319277,-0.801561590277778,278564,40713,286643.022975021,23,2022
2022-01-24,319277,-0.805838250000001,278564,40713,286468.90732775,24,2022
2022-01-25,319277,-0.811168770833333,278564,40713,286251.885833062,25,2022
2022-01-26,319277,-0.817003159722223,278564,40713,286014.350358229,26,2022
2022-01-27,319277,-0.826307590277779,278564,40713,285635.539077021,27,2022
2022-01-28,319277,-0.830725776223776,278564,40713,285455.661472601,28,2022
2022-01-29,319277,-0.825870861111111,278564,40713,285653.319631583,29,2022
2022-01-30,319277,-0.835106381944444,278564,40713,285277.313871896,30,2022
2022-01-31,319277,-0.844002027777778,278564,40713,284915.145443083,31,2022
2022-02-01,319277,-0.853681249999999,278564,40713,284521.07526875,32,2022
2022-02-02,319277,-0.86153575,278564,40713,284201.29501025,33,2022
2022-02-03,319277,-0.838488270833333,278564,40713,285139.627029563,34,2022
2022-02-04,319277,-0.749293124999999,278564,40713,288771.029001875,35,2022
2022-02-05,319277,-0.675664034722223,278564,40713,291768.690154354,36,2022
2022-02-06,319277,-0.653500527777778,278564,40713,292671.033012583,37,2022
2022-02-07,319277,-0.640263819444444,278564,40713,293209.939118958,38,2022
2022-02-08,319277,-0.630226833333333,278564,40713,293618.5749345,39,2022
2022-02-09,319277,-0.628490520833333,278564,40713,293689.265425313,40,2022
2022-02-10,319277,-0.627521375000001,278564,40713,293728.722259625,41,2022
2022-02-11,319277,-0.628634340277777,278564,40713,293683.410104271,42,2022
2022-02-12,319277,-0.629362215277778,278564,40713,293653.776129396,43,2022
2022-02-13,319277,-0.626696881944444,278564,40713,293762.289845396,44,2022
2022-02-14,319277,-0.628891243055556,278564,40713,293672.950821479,45,2022
2022-02-15,319277,-0.635620902777777,278564,40713,293398.966185208,46,2022
2022-02-16,319277,-0.641169923611111,278564,40713,293173.048900021,47,2022
2022-02-17,319277,-0.642630694444444,278564,40713,293113.576537083,48,2022
2022-02-18,319277,-0.703469694444445,278564,40713,290636.638330083,49,2022
2022-02-19,319277,-0.667517465277777,278564,40713,292100.361436146,50,2022
2022-02-20,319277,-0.641692708333334,278564,40713,293151.764765625,51,2022
2022-02-21,319277,-0.646977236111111,278564,40713,292936.615786208,52,2022
2022-02-22,319277,-0.644345868055556,278564,40713,293043.746673854,53,2022
2022-02-23,319277,-0.636744993055556,278564,40713,293353.201097729,54,2022
2022-02-24,319277,-0.620248374999999,278564,40713,294024.827908625,55,2022
2022-02-25,319277,-0.590225069444445,278564,40713,295247.166747708,56,2022
2022-02-26,319277,-0.581138701388889,278564,40713,295617.100050354,57,2022
2022-02-27,319277,-0.577249652777779,278564,40713,295775.434886458,58,2022
2022-02-28,319277,-0.577553868055556,278564,40713,295763.049369854,59,2022
2022-03-01,319277,-0.578166645833333,278564,40713,295738.101348188,60,2022
2022-03-02,319277,-0.579936666666667,278564,40713,295666.03849,61,2022
2022-03-03,319277,-0.581965312499999,278564,40713,295583.446232188,62,2022
2022-03-04,319277,-0.587505506944444,278564,40713,295357.888295771,63,2022
2022-03-05,319277,-0.59191425,278564,40713,295178.39513975,64,2022
2022-03-06,319277,-0.593770409722222,278564,40713,295102.825308979,65,2022
2022-03-07,319277,-0.594875298611111,278564,40713,295057.841967646,66,2022
2022-03-08,319277,-0.596593833333333,278564,40713,294987.8752635,67,2022
2022-03-09,319277,-0.572767763888889,278564,40713,295957.906028792,68,2022
2022-03-10,319277,-0.570264833333333,278564,40713,296059.8078405,69,2022
2022-03-11,319277,-0.572411020833334,278564,40713,295972.430108812,70,2022
2022-03-12,319277,-0.561968881944445,278564,40713,296397.560909396,71,2022
2022-03-13,319277,-0.558723840277779,278564,40713,296529.676290771,72,2022
2022-03-14,319277,-0.558937125,278564,40713,296520.992829875,73,2022
2022-03-15,319277,-0.560733881944444,278564,40713,296447.841464396,74,2022
2022-03-16,319277,-0.559593944444444,278564,40713,296494.251739833,75,2022
2022-03-17,319277,-0.551433444444445,278564,40713,296826.490176333,76,2022
2022-03-18,319277,-0.552833520833333,278564,40713,296769.488866312,77,2022
2022-03-19,319277,-0.554719444444444,278564,40713,296692.707258333,78,2022
2022-03-20,319277,-0.560143208333333,278564,40713,296471.889559125,79,2022
2022-03-21,319277,-0.566333180555556,278564,40713,296219.877220042,80,2022
2022-03-22,319277,-0.595078044444444,278564,40713,295049.587576533,81,2022
2022-03-23,319277,-0.6048889375,278564,40713,294650.156687562,82,2022
2022-03-24,319277,-0.567482645833334,278564,40713,296173.079040187,83,2022
2022-03-25,319277,-0.546216701388889,278564,40713,297038.879436354,84,2022
2022-03-26,319277,-0.538651645833333,278564,40713,297346.875543187,85,2022
2022-03-27,319277,-0.537903298611111,278564,40713,297377.343003646,86,2022
2022-03-28,319277,-0.53985626388889,278564,40713,297297.831928292,87,2022
2022-03-29,319277,-0.543411395833333,278564,40713,297153.091841438,88,2022
2022-03-30,319277,-0.545709201388888,278564,40713,297059.541283854,89,2022
2022-03-31,319277,-0.540431090277778,278564,40713,297274.429021521,90,2022
2022-04-01,319277,-0.538347541666667,278564,40713,297359.256536125,91,2022
2022-04-02,319277,-0.544626958333334,278564,40713,297103.602645375,92,2022
2022-04-03,319277,-0.550131979166666,278564,40713,296879.476732187,93,2022
2022-04-04,319277,-0.556455784722223,278564,40713,296622.015636604,94,2022
2022-04-05,319277,-0.555231618055556,278564,40713,296671.855134104,95,2022
2022-04-06,319277,-0.522029631944445,278564,40713,298023.607594646,96,2022
2022-04-07,319277,-0.505464020833333,278564,40713,298698.043319813,97,2022
2022-04-08,319277,-0.498264270833333,278564,40713,298991.166741562,98,2022
2022-04-09,319277,-0.492749784722221,278564,40713,299215.678014604,99,2022
2022-04-10,319277,-0.494397548611111,278564,40713,299148.592603396,100,2022
2022-04-11,319277,-0.496657256944445,278564,40713,299056.593098021,101,2022
2022-04-12,319277,-0.489102198581561,278564,40713,299364.182189149,102,2022
2022-04-13,319277,-0.475049861111112,278564,40713,299936.295004583,103,2022
2022-04-14,319277,-0.476189444444444,278564,40713,299889.899148333,104,2022
2022-04-15,319277,-0.48514625,278564,40713,299525.24072375,105,2022
2022-04-16,319277,-0.490191736111111,278564,40713,299319.823847708,106,2022
2022-04-17,319277,-0.495795097222222,278564,40713,299091.694206792,107,2022
2022-04-18,319277,-0.476482444444445,278564,40713,299877.970239333,108,2022
2022-04-19,319277,-0.455463333333334,278564,40713,300733.72131,109,2022
2022-04-20,319277,-0.459648402777777,278564,40713,300563.334577708,110,2022
2022-04-21,319277,-0.461410833333334,278564,40713,300491.5807425,111,2022
2022-04-22,319277,-0.462166180555556,278564,40713,300460.828291042,112,2022
2022-04-23,319277,-0.464797916666667,278564,40713,300353.68241875,113,2022
2022-04-24,319277,-0.467583680555556,278564,40713,300240.265613542,114,2022
2022-04-25,319277,-0.473402847222221,278564,40713,300003.349881042,115,2022
2022-04-26,319277,-0.474959722222222,278564,40713,299939.964829167,116,2022
2022-04-27,319277,-0.482724513888888,278564,40713,299623.836866042,117,2022
2022-04-28,319277,-0.493846895833334,278564,40713,299171.011329937,118,2022
2022-04-29,319277,-0.503720777777778,278564,40713,298769.015974333,119,2022
2022-04-30,319277,-0.502902076388889,278564,40713,298802.347763979,120,2022
2022-05-01,319277,-0.500369305555555,278564,40713,298905.464462917,121,2022
2022-05-02,319277,-0.501601191489362,278564,40713,298855.310690894,122,2022
2022-05-03,319277,-0.505351805555556,278564,40713,298702.611940417,123,2022
2022-05-04,319277,-0.505560298611112,278564,40713,298694.123562646,124,2022
2022-05-05,319277,-0.513122416666667,278564,40713,298386.24705025,125,2022
2022-05-06,319277,-0.508372604166667,278564,40713,298579.626166562,126,2022
2022-05-07,319277,-0.475044097222222,278564,40713,299936.529669792,127,2022
2022-05-08,319277,-0.471723819444444,278564,40713,300071.708138958,128,2022
2022-05-09,319277,-0.507647914893617,278564,40713,298609.130440936,129,2022
2022-05-10,319277,-0.539610993055556,278564,40713,297307.817639729,130,2022
2022-05-11,319277,-0.548906347222223,278564,40713,296929.375885542,131,2022
2022-05-12,319277,-0.551789676258993,278564,40713,296811.986910468,132,2022
2022-05-13,319277,-0.544076583333334,278564,40713,297126.01006275,133,2022
2022-05-14,319277,-0.544593222222222,278564,40713,297104.976143667,134,2022
2022-05-15,319277,-0.544859548611111,278564,40713,297094.133197396,135,2022
2022-05-16,319277,-0.549488680555555,278564,40713,296905.667348542,136,2022
2022-05-17,319277,-0.561192284722223,278564,40713,296429.178512104,137,2022
2022-05-18,319277,-0.574539819444444,278564,40713,295885.760330958,138,2022
2022-05-19,319277,-0.593872729166666,278564,40713,295098.659577438,139,2022
2022-05-20,319277,-0.644970624999999,278564,40713,293018.310944375,140,2022
2022-05-21,319277,-0.700871895833334,278564,40713,290742.402504937,141,2022
2022-05-22,319277,-0.747740076388888,278564,40713,288834.258269979,142,2022
2022-05-23,319277,-0.777774042857143,278564,40713,287611.485393157,143,2022
2022-05-24,319277,-0.681710833333334,278564,40713,291522.5068425,144,2022
2022-05-25,319277,-0.677115493055556,278564,40713,291709.596931229,145,2022
2022-05-26,319277,-0.702171131944445,278564,40713,290689.506705146,146,2022
2022-05-27,319277,-0.678316555555556,278564,40713,291660.698073667,147,2022
2022-05-28,319277,-0.66363776388889,278564,40713,292258.315718792,148,2022
2022-05-29,319277,-0.686626770833334,278564,40713,291322.364279062,149,2022
2022-05-30,319277,-0.721502340277778,278564,40713,289902.475220271,150,2022
2022-05-31,319277,-0.762066548611111,278564,40713,288250.984606396,151,2022
2022-06-01,319277,-0.805446590277779,278564,40713,286484.852970021,152,2022
2022-06-02,319277,-0.851211465277778,278564,40713,284621.627614146,153,2022
2022-06-03,319277,-0.901160055555556,278564,40713,282588.070658167,154,2022
2022-06-04,319277,-0.954316798611112,278564,40713,280423.900178146,155,2022
2022-06-05,278564,-0.00806117361111092,239750,38814,278251.113607458,156,2022
2022-06-06,278564,-0.0607706488603981,239750,38814,276205.248035133,157,2022
2022-06-07,278564,-0.111717555555556,239750,38814,274227.794798667,158,2022
2022-06-08,278564,-0.157898875000001,239750,38814,272435.31306575,159,2022
2022-06-09,278564,-0.203732215277778,239750,38814,270656.337796208,160,2022
2022-06-10,278564,-0.262210638888888,239750,38814,268386.556262167,161,2022
2022-06-11,278564,-0.3194598125,239750,38814,266164.486837625,162,2022
2022-06-12,278564,-0.372330597222222,239750,38814,264112.360199417,163,2022
2022-06-13,278564,-0.424383763888889,239750,38814,262091.968588417,164,2022
2022-06-14,278564,-0.464402944444444,239750,38814,260538.664114333,165,2022
2022-06-15,278564,-0.521738118055556,239750,38814,258313.256685792,166,2022
2022-06-16,278564,-0.579902965277778,239750,38814,256055.646305708,167,2022
2022-06-17,278564,-0.610636465277778,239750,38814,254862.756236708,168,2022
2022-06-18,278564,-0.672857798611112,239750,38814,252447.697404708,169,2022
2022-06-19,278564,-0.739445312499999,239750,38814,249863.169640625,170,2022
2022-06-20,278564,-0.804973760869565,239750,38814,247319.748445609,171,2022
2022-06-21,278564,-0.868818944444444,239750,38814,244841.661490333,172,2022
2022-06-22,278564,-0.93305638888889,239750,38814,242348.349321667,173,2022
2022-06-23,278564,-0.994402243055555,239750,38814,239967.271338042,174,2022
2022-06-24,239750,-0.0604276805555557,197070,42680,237170.946593889,175,2022
2022-06-25,239750,-0.12552253114754,197070,42680,234392.698370623,176,2022
2022-06-26,239750,-0.189388638888889,197070,42680,231666.892892222,177,2022
2022-06-27,239750,-0.248281020833334,197070,42680,229153.366030833,178,2022
2022-06-28,239750,-0.309019888888889,197070,42680,226561.031142222,179,2022
2022-06-29,239750,-0.369627145833334,197070,42680,223974.313415833,180,2022
2022-06-30,239750,-0.428098069444445,197070,42680,221478.774396111,181,2022
2022-07-01,239750,-0.479203097222221,197070,42680,219297.611810556,182,2022
2022-07-02,239750,-0.487656493055555,197070,42680,218936.820876389,183,2022
2022-07-03,239750,-0.485102368055555,197070,42680,219045.830931389,184,2022
2022-07-04,239750,-0.497459097222222,197070,42680,218518.445730556,185,2022
2022-07-05,239750,-0.495980749999999,197070,42680,218581.54159,186,2022
2022-07-06,239750,-0.481807694444445,197070,42680,219186.447601111,187,2022
2022-07-07,239750,-0.478746604166666,197070,42680,219317.094934167,188,2022
2022-07-08,239750,-0.484279180555555,197070,42680,219080.964573889,189,2022
2022-07-09,239750,-0.47597726388889,197070,42680,219435.290377222,190,2022
2022-07-10,239750,-0.453197506944445,197070,42680,220407.530403611,191,2022
2022-07-11,239750,-0.451673069444444,197070,42680,220472.593396111,192,2022
2022-07-12,239750,-0.459776173611111,197070,42680,220126.752910278,193,2022
2022-07-13,239750,-0.447440222222221,197070,42680,220653.251315556,194,2022
2022-07-14,239750,-0.451121881944445,197070,42680,220496.118078611,195,2022
2022-07-15,239750,-0.454044152173912,197070,42680,220371.395585217,196,2022
2022-07-16,239750,-0.465440493055555,197070,42680,219884.999756389,197,2022
2022-07-17,239750,-0.470732381944444,197070,42680,219659.141938611,198,2022
2022-07-18,239750,-0.476484902777777,197070,42680,219413.624349444,199,2022
2022-07-19,239750,-0.482479486111112,197070,42680,219157.775532778,200,2022
2022-07-20,239750,-0.496477555555556,197070,42680,218560.337928889,201,2022
2022-07-21,239750,-0.509794104166666,197070,42680,217991.987634167,202,2022
2022-07-22,239750,-0.525524423611111,197070,42680,217320.617600278,203,2022
2022-07-23,239750,-0.541799201388889,197070,42680,216626.010084722,204,2022
2022-07-24,239750,-0.558853340277778,197070,42680,215898.139436944,205,2022
2022-07-25,239750,-0.57111613888889,197070,42680,215374.763192222,206,2022
2022-07-26,239750,-0.57968645138889,197070,42680,215008.982254722,207,2022
2022-07-27,239750,-0.584221486111112,197070,42680,214815.426972778,208,2022
2022-07-28,239750,-0.593198555555556,197070,42680,214432.285648889,209,2022
2022-07-29,239750,-0.605462402777778,197070,42680,213908.864649444,210,2022
2022-07-30,239750,-0.621776638888889,197070,42680,213212.573052222,211,2022
2022-07-31,239750,-0.624193652777778,197070,42680,213109.414899444,212,2022
2022-08-01,239750,-0.587572923611111,197070,42680,214672.387620278,213,2022
2022-08-02,239750,-0.598781569444444,197070,42680,214194.002616111,214,2022
2022-08-03,239750,-0.613626305555556,197070,42680,213560.429278889,215,2022
2022-08-04,239750,-0.625396222222221,197070,42680,213058.089235556,216,2022
2022-08-05,239750,-0.629142854166666,197070,42680,212898.182984167,217,2022
2022-08-06,239750,-0.584146020833334,197070,42680,214818.647830833,218,2022
2022-08-07,239750,-0.587594513888888,197070,42680,214671.466147222,219,2022
2022-08-08,239750,-0.599466756944445,197070,42680,214164.758813611,220,2022
2022-08-09,239750,-0.605858756944444,197070,42680,213891.948253611,221,2022
2022-08-10,239750,-0.591690833333333,197070,42680,214496.635233333,222,2022
2022-08-11,239750,-0.595676520833333,197070,42680,214326.526090833,223,2022
2022-08-12,239750,-0.609787076388889,197070,42680,213724.287579722,224,2022
2022-08-13,239750,-0.625436527777778,197070,42680,213056.368994444,225,2022
2022-08-14,239750,-0.639099895833333,197070,42680,212473.216445833,226,2022
2022-08-15,239750,-0.593662277777778,197070,42680,214412.493984444,227,2022
2022-08-16,239750,-0.571198000000001,197070,42680,215371.26936,228,2022
2022-08-17,239750,-0.578755138888889,197070,42680,215048.730672222,229,2022
2022-08-18,239750,-0.589225333333333,197070,42680,214601.862773333,230,2022
2022-08-19,239750,-0.600151840277778,197070,42680,214135.519456944,231,2022
2022-08-20,239750,-0.612087972222222,197070,42680,213626.085345556,232,2022
2022-08-21,239750,-0.611873319444445,197070,42680,213635.246726111,233,2022
2022-08-22,239750,-0.608885875,197070,42680,213762.750855,234,2022
2022-08-23,239750,-0.622308368055556,197070,42680,213189.878851389,235,2022
2022-08-24,239750,-0.636233256944445,197070,42680,212595.564593611,236,2022
2022-08-25,239750,-0.648548506944444,197070,42680,212069.949723611,237,2022
2022-08-26,239750,-0.656759763888889,197070,42680,211719.493277222,238,2022
2022-08-27,239750,-0.672016972222222,197070,42680,211068.315625556,239,2022
2022-08-28,239750,-0.686896486111111,197070,42680,210433.257972778,240,2022
2022-08-29,239750,-0.702026090277778,197070,42680,209787.526466944,241,2022
2022-08-30,239750,-0.715077347222222,197070,42680,209230.498820556,242,2022
2022-08-31,239750,-0.731666409722223,197070,42680,208522.477633056,243,2022
2022-09-01,239750,-0.751612145833333,197070,42680,207671.193615833,244,2022
2022-09-02,239750,-0.769025756944444,197070,42680,206927.980693611,245,2022
2022-09-03,239750,-0.785595256944445,197070,42680,206220.794433611,246,2022
2022-09-04,239750,-0.784706986111111,197070,42680,206258.705832778,247,2022
2022-09-05,239750,-0.695641442748091,197070,42680,210060.023223511,248,2022
2022-09-06,239750,-0.635894340277778,197070,42680,212610.029556944,249,2022
2022-09-07,239750,-0.641998277777777,197070,42680,212349.513504444,250,2022
2022-09-08,239750,-0.596782256944444,197070,42680,214279.333273611,251,2022
2022-09-09,239750,-0.581439680555555,197070,42680,214934.154433889,252,2022
2022-09-10,239750,-0.577012722222221,197070,42680,215123.097015556,253,2022
2022-09-11,239750,-0.539038895833333,197070,42680,216743.819925833,254,2022
2022-09-12,239750,-0.534682791666667,197070,42680,216929.738451667,255,2022
2022-09-13,239750,-0.529923909722221,197070,42680,217132.847533056,256,2022
2022-09-14,239750,-0.538591583333334,197070,42680,216762.911223333,257,2022
2022-09-15,239750,-0.547823159722222,197070,42680,216368.907543056,258,2022
2022-09-16,239750,-0.557057611111111,197070,42680,215974.781157778,259,2022
2022-09-17,239750,-0.567253479166666,197070,42680,215539.621509167,260,2022
2022-09-18,239750,-0.578550388888889,197070,42680,215057.469402222,261,2022
2022-09-19,239750,-0.598149739130434,197070,42680,214220.969133913,262,2022
2022-09-20,239750,-0.6153139375,197070,42680,213488.4011475,263,2022
2022-09-21,239750,-0.628703791666666,197070,42680,212916.922171667,264,2022
2022-09-22,239750,-0.642581847222223,197070,42680,212324.606760556,265,2022
2022-09-23,239750,-0.659694041666667,197070,42680,211594.258301667,266,2022
2022-09-24,239750,-0.676482541666667,197070,42680,210877.725121667,267,2022
2022-09-25,239750,-0.685667604166667,197070,42680,210485.706654167,268,2022
2022-09-26,239750,-0.691558534722223,197070,42680,210234.281738056,269,2022
2022-09-27,239750,-0.706644680555556,197070,42680,209590.405033889,270,2022
2022-09-28,239750,-0.722991041666667,197070,42680,208892.742341667,271,2022
2022-09-29,239750,-0.740260263888889,197070,42680,208155.691937222,272,2022
2022-09-30,239750,-0.748698784722222,197070,42680,207795.535868056,273,2022
2022-10-01,239750,-0.611928965277778,197070,42680,213632.871761944,274,2022
2022-10-02,239750,-0.555987659722222,197070,42680,216020.446683056,275,2022
2022-10-03,239750,-0.545389826388888,197070,42680,216472.762209722,276,2022
2022-10-04,239750,-0.5466948125,197070,42680,216417.0654025,277,2022
2022-10-05,239750,-0.552386368055556,197070,42680,216174.149811389,278,2022
2022-10-06,239750,-0.558339326388889,197070,42680,215920.077549722,279,2022
2022-10-07,239750,-0.564402583333333,197070,42680,215661.297743333,280,2022
2022-10-08,239750,-0.573698784722222,197070,42680,215264.535868056,281,2022
2022-10-09,239750,-0.58361863888889,197070,42680,214841.156492222,282,2022
2022-10-10,239750,-0.592013680555555,197070,42680,214482.856113889,283,2022
2022-10-11,239750,-0.596368920863309,197070,42680,214296.974457554,284,2022
2022-10-12,239750,-0.598321374999999,197070,42680,214213.643715,285,2022
2022-10-13,239750,-0.591381965277778,197070,42680,214509.817721944,286,2022
2022-10-14,239750,-0.5975276875,197070,42680,214247.5182975,287,2022
2022-10-15,239750,-0.603566069444444,197070,42680,213989.800156111,288,2022
2022-10-16,239750,-0.607820708333334,197070,42680,213808.212168333,289,2022
2022-10-17,239750,-0.595416847222221,197070,42680,214337.608960556,290,2022
2022-10-18,239750,-0.607807388888888,197070,42680,213808.780642222,291,2022
2022-10-19,239750,-0.617555194444444,197070,42680,213392.744301111,292,2022
2022-10-20,239750,-0.625694493055555,197070,42680,213045.359036389,293,2022
2022-10-21,239750,-0.635134194444444,197070,42680,212642.472581111,294,2022
2022-10-22,239750,-0.643153479166667,197070,42680,212300.209509167,295,2022
2022-10-23,239750,-0.649338590277777,197070,42680,212036.228966944,296,2022
2022-10-24,239750,-0.652138621428572,197070,42680,211916.723637429,297,2022
2022-10-25,239750,-0.654005506944445,197070,42680,211837.044963611,298,2022
2022-10-26,239750,-0.655108715277779,197070,42680,211789.960031944,299,2022
2022-10-27,239750,-0.659318548611111,197070,42680,211610.284345278,300,2022
2022-10-28,239750,-0.665619138888889,197070,42680,211341.375152222,301,2022
2022-10-29,239750,-0.670926111111111,197070,42680,211114.873577778,302,2022
2022-10-30,239750,-0.676148763888889,197070,42680,210891.970757222,303,2022
2022-10-31,239750,-0.673934895833334,197070,42680,210986.458645833,304,2022
2022-11-01,239750,-0.668841368055556,197070,42680,211203.850411389,305,2022
2022-11-02,239750,-0.672802243055555,197070,42680,211034.800266389,306,2022
2022-11-03,239750,-0.675419354166667,197070,42680,210923.101964167,307,2022
2022-11-04,239750,-0.680156784722222,197070,42680,210720.908428056,308,2022
2022-11-05,239750,-0.679934034722223,197070,42680,210730.415398056,309,2022
2022-11-06,239750,-0.659671166666667,197070,42680,211595.234606667,310,2022
2022-11-07,239750,-0.640446777777777,197070,42680,212415.731524444,311,2022
2022-11-08,239750,-0.644088444444444,197070,42680,212260.305191111,312,2022
2022-11-09,239750,-0.649209388888888,197070,42680,212041.743282222,313,2022
2022-11-10,239750,-0.652387527777778,197070,42680,211906.100314444,314,2022
2022-11-11,239750,-0.539668638888889,197070,42680,216716.942492222,315,2022
2022-11-12,239750,-0.375299763888888,197070,42680,223732.206077222,316,2022
2022-11-13,239750,-0.338327277777777,197070,42680,225310.191784444,317,2022
2022-11-14,239750,-0.322782826388888,197070,42680,225973.628969722,318,2022
2022-11-15,239750,-0.300313972222222,197070,42680,226932.599665556,319,2022
2022-11-16,239750,-0.248874909722222,197070,42680,229128.018853056,320,2022
2022-11-17,239750,-0.231921895833333,197070,42680,229851.573485833,321,2022
2022-11-18,239750,-0.221680694444444,197070,42680,230288.667961111,322,2022
2022-11-19,239750,-0.214952631944444,197070,42680,230575.821668611,323,2022
2022-11-20,239750,-0.214527986111111,197070,42680,230593.945552778,324,2022
2022-11-21,239750,-0.206550763888888,197070,42680,230934.413397222,325,2022
2022-11-22,239750,-0.202838215277778,197070,42680,231092.864971944,326,2022
2022-11-23,239750,-0.200343479166667,197070,42680,231199.340309167,327,2022
2022-11-24,239750,-0.19996575,197070,42680,231215.46179,328,2022
2022-11-25,239750,-0.195899659722222,197070,42680,231389.002523056,329,2022
2022-11-26,239750,-0.197298861111111,197070,42680,231329.284607778,330,2022
2022-11-27,239750,-0.192975041666667,197070,42680,231513.825221667,331,2022
2022-11-28,239750,-0.199350027777777,197070,42680,231241.740814444,332,2022
2022-11-29,239750,-0.211301534722223,197070,42680,230731.650498056,333,2022
2022-11-30,239750,-0.189655833333333,197070,42680,231655.489033333,334,2022
2022-12-01,239750,-0.16172725,197070,42680,232847.48097,335,2022
2022-12-02,239750,-0.161821340277777,197070,42680,232843.465196944,336,2022
2022-12-03,239750,-0.150768770833333,197070,42680,233315.188860833,337,2022
2022-12-04,239750,-0.145284541666667,197070,42680,233549.255761667,338,2022
2022-12-05,239750,-0.144001902777777,197070,42680,233603.998789444,339,2022
2022-12-06,239750,-0.131617938860972,197070,42680,234132.546369414,340,2022
2022-12-07,239750,-0.0891851944444451,197070,42680,235943.575901111,341,2022
2022-12-08,239750,-0.0628384722222215,197070,42680,237068.054005556,342,2022
2022-12-09,239750,-0.0333233611111119,197070,42680,238327.758947778,343,2022
2022-12-10,239750,-0.0136612986111118,197070,42680,239166.935775278,344,2022
2022-12-11,278564,-0.999643534722223,239750,38814,239763.835843292,345,2022
2022-12-12,278564,-0.989863652777778,239750,38814,240143.432181083,346,2022
2022-12-13,278564,-0.982886541666666,239750,38814,240414.24177175,347,2022
2022-12-14,278564,-0.97546157638889,239750,38814,240702.434374042,348,2022
2022-12-15,278564,-0.929952118055555,239750,38814,242468.838489792,349,2022
2022-12-16,278564,-0.897443138888889,239750,38814,243730.642007167,350,2022
2022-12-17,278564,-0.877592243055556,239750,38814,244501.134678042,351,2022
2022-12-18,278564,-0.859708187500001,239750,38814,245195.286410375,352,2022
2022-12-19,278564,-0.847839666666667,239750,38814,245655.951178,353,2022
2022-12-20,278564,-0.840275312499999,239750,38814,245949.554020625,354,2022
2022-12-21,278564,-0.832291416666667,239750,38814,246259.4409535,355,2022
2022-12-22,278564,-0.787520965277778,239750,38814,247997.161253708,356,2022
2022-12-23,278564,-0.715809451388889,239750,38814,250780.571953792,357,2022
2022-12-24,278564,-0.682725604166666,239750,38814,252064.688399875,358,2022
2022-12-25,278564,-0.666668326388889,239750,38814,252687.935579542,359,2022
2022-12-26,278564,-0.658187090277778,239750,38814,253017.126277958,360,2022
2022-12-27,278564,-0.645971729166666,239750,38814,253491.253304125,361,2022
2022-12-28,278564,-0.636964770833334,239750,38814,253840.849384875,362,2022
2022-12-29,278564,-0.627617597222223,239750,38814,254203.650581417,363,2022
2022-12-30,278564,-0.618072194444444,239750,38814,254574.145844833,364,2022
2022-12-31,278564,-0.602209444444444,239750,38814,255189.842623333,365,2022
