"Date","depth_above_thermo","thermo_and_just_below","correction_thermo","depth_above_water","correction_surf","epi_volume","hypo_and_above","correction_hypo","hypo_volume","epi_hypo_ratio","Date_22"
2021-01-11,0.493324583333333,406477498,75401268.5706228,-0.506675416666667,108821259.735397,222254969.69398,908532763,116301136.429377,792231626.570623,0.280542914773634,2022-01-11
2021-03-09,1.53711284722222,572367288,13825139.2250039,-0.462887152777778,99416631.2863525,459125517.488644,716830358,152064650.774996,564765707.225004,0.812948646872652,2022-03-09
2021-03-10,0.530741458333333,406477498,82574173.4957072,-0.469258541666667,100785046.927503,223118277.57679,908532763,109128231.504293,799404531.495707,0.279105595210137,2022-03-10
2021-03-11,0.525551319444444,406477498,81579211.3884232,-0.474448680555556,101899759.490047,222998527.12153,908532763,110123193.611577,798409569.388423,0.279303424797808,2022-03-11
2021-03-12,3.52353291666667,824683165,37706031.1522289,-0.476467083333333,102333262.134355,684643871.713416,410644756,74314033.8477711,336330722.152229,2.03562691904052,2022-03-12
2021-03-13,2.51827354166667,712663100,42348118.4822761,-0.481726458333334,103462844.889102,566852136.628621,550940568,97947693.5177239,452992874.482276,1.25134890317309,2022-03-13
2021-03-14,4.51365354166667,913965726,2178104.8951619,-0.486346458333333,104455105.818762,807332515.286076,298624691,87104456.1048381,211520234.895162,3.81680984651999,2022-03-14
2021-03-15,5.50784638888889,986202085,36991880.3307293,-0.49215361111111,105702337.596675,843507867.072596,209342130,35244478.6692707,174097651.330729,4.84502726271823,2022-03-15
2021-03-16,5.50785486111111,986202085,35315814.4746837,-0.492145138888889,105700517.974359,845185752.550957,209342130,36920544.5253163,172421585.474684,4.90185582172978,2022-03-16
2021-03-17,5.505336875,986202085,12607097.022054,-0.494663125000001,106241318.675546,867353669.3024,209342130,59629261.977946,149712868.022054,5.79344768931039,2022-03-17
2021-03-18,5.51888083333333,986202085,11610962.2914438,-0.481119166666666,103332413.764916,871258708.94364,209342130,60625396.7085562,148716733.291444,5.85851161238335,2022-03-18
2021-03-19,5.54402972222222,986202085,24731802.1168931,-0.455970277777778,97931058.8149582,863539224.068149,209342130,47504556.8831069,161837573.116893,5.33583893676177,2022-03-19
2021-03-20,5.54110451388889,986202085,18843963.4136785,-0.458895486111111,98559320.706794,868798800.879527,209342130,53392395.5863215,155949734.413678,5.57101814982844,2022-03-20
2021-03-21,5.53442909722222,986202085,62027339.7568204,-0.465570902777777,99993033.9421911,824181711.300988,209342130,10209019.2431796,199133110.75682,4.13884817129921,2022-03-21
2021-03-22,3.52770229166667,824683165,29862504.5022689,-0.472297708333333,101437784.230978,693382876.266753,410644756,82157560.4977311,328487195.502269,2.11083684770892,2022-03-22
2021-03-23,3.52541576388889,824683165,24925033.5418745,-0.474584236111111,101928873.447098,697829258.011028,410644756,87095031.4581255,323549724.541874,2.15679138345461,2022-03-23
2021-03-24,3.52745826388889,824683165,65800477.4099764,-0.472541736111111,101490195.319645,657392492.270378,410644756,46219587.5900236,364425168.409976,1.80391627487928,2022-03-24
2021-03-25,2.52658333333333,712663100,19695099.8841319,-0.473416666666667,101678108.611083,591289891.504785,550940568,120600712.115868,430339855.884132,1.37400680745682,2022-03-25
2021-03-26,2.53829118055556,712663100,42875845.9684863,-0.461708819444445,99163554.6351008,570623699.396413,550940568,97419966.0315137,453520601.968486,1.25820899187302,2022-03-26
2021-03-27,2.53762680555556,712663100,57525268.643403,-0.462373194444444,99306245.8375126,555831585.519084,550940568,82770543.356597,468170024.643403,1.18724300203212,2022-03-27
2021-03-28,2.55542861111111,712663100,68699164.2370849,-0.444571388888889,95482861.3937503,548481074.369165,550940568,71596647.7629151,479343920.237085,1.14423288001209,2022-03-28
2021-03-29,4.55971347222222,913965726,16312437.8671888,-0.440286527777777,94562579.9501192,803090708.182692,298624691,72970123.1328112,225654567.867189,3.55893840649111,2022-03-29
2021-03-30,4.55391465277778,913965726,34555131.246137,-0.446085347222223,95808021.9355901,783602572.818273,298624691,54727429.753863,243897261.246137,3.2128387535581,2022-03-30
2021-03-31,3.56235201388889,824683165,23620846.4129658,-0.437647986111111,93995886.9182766,707066431.668758,410644756,88399218.5870342,322245537.412966,2.19418533254235,2022-03-31
2021-04-01,7.56715659722222,1081912837,4097717.76328107,-0.432843402777777,92963982.0860336,984851137.150685,81792328,36299591.2367189,45492736.7632811,21.6485357272591,2022-04-01
2021-04-02,9.55624097222222,1118318885,1199291.01579722,-0.443759027777778,95308386.4605619,1021811207.52364,16277375,10089112.9842028,6188262.01579722,165.120869949461,2022-04-02
2021-04-03,0.546100972222222,406477498,80726069.1228381,-0.453899027777778,97486205.9035819,228265222.97358,908532763,110976335.877162,797556427.122838,0.2862057344294,2022-04-03
2021-04-04,5.54037395833333,986202085,26572503.1106519,-0.459626041666667,98716225.8441802,860913356.045168,209342130,45663855.8893481,163678274.110652,5.25979004069387,2022-04-04
2021-04-05,0.510501370967742,406477498,83486660.1953132,-0.489498629032258,105132113.573776,217858724.230911,908532763,108215744.804687,800317018.195313,0.272215533692105,2022-04-05
2021-04-06,1.47896395833333,572367288,76784940.106546,-0.521036041666667,111905564.30531,383676783.588144,716830358,89104849.893454,627725508.106546,0.611217448762686,2022-04-06
2021-04-07,0.474690000000001,406477498,86206654.5044502,-0.525309999999999,112823504.10383,207447339.39172,908532763,105495750.49555,803037012.50445,0.258328490669128,2022-04-07
2021-04-08,1.470761875,572367288,128270753.063172,-0.529238124999999,113667167.51602,330429367.420807,716830358,37619036.9368278,679211321.063172,0.486489781859915,2022-04-08
2021-04-09,1.47122638888889,572367288,62817492.0424834,-0.528773611111111,113567401.502335,395982394.455182,716830358,103072297.957517,613758060.042483,0.64517669132976,2022-04-09
2021-04-10,1.472473125,572367288,85061988.3939896,-0.527526875,113299633.638124,374005665.967886,716830358,80827801.6060104,636002556.39399,0.588056859532807,2022-04-10
2021-04-11,1.49049708333333,572367288,1808422.37187747,-0.509502916666667,109428536.310855,461130329.317268,716830358,164081367.628123,552748990.371877,0.83424906666411,2022-04-11
2021-04-12,2.48466583333333,712663100,59850822.4246383,-0.515334166666667,110680943.571911,542131334.003451,550940568,80444989.5753617,470495578.424638,1.15225595917112,2022-04-12
2021-04-13,2.47755090277778,712663100,113391910.588202,-0.522449097222221,112209053.443669,487062135.968129,550940568,26903901.411798,524036666.588202,0.929442855858161,2022-04-13
2021-04-14,2.47318486111111,712663100,75755749.4868858,-0.526815138888889,113146770.448669,523760580.064445,550940568,64540062.5131141,486400505.486886,1.07680928402852,2022-04-14
2021-04-15,2.47498284722222,712663100,31983318.7156499,-0.525017152777778,112760607.814442,567919173.469908,550940568,108312493.28435,442628074.71565,1.28306179818066,2022-04-15
2021-04-16,2.46642090277778,712663100,23818742.479136,-0.533579097222223,114599500.228759,574244857.292105,550940568,116477069.520864,434463498.479136,1.32173326252328,2022-04-16
2021-04-17,2.46025555555556,712663100,43431490.8513853,-0.539744444444445,115923663.251789,553307945.896826,550940568,96864321.1486147,454076246.851385,1.2185353225004,2022-04-17
2021-04-18,2.45534416666667,712663100,42419750.6761829,-0.544655833333334,116978507.257159,553264842.066658,550940568,97876061.3238171,453064506.676183,1.22116130024304,2022-04-18
2021-04-19,2.45940277777778,712663100,43946981.0440423,-0.540597222222223,116106818.67832,552609300.277638,550940568,96348830.9559577,454591737.044042,1.21561668470032,2022-04-19
2021-04-20,2.455328125,712663100,30065382.2306736,-0.544671875000001,116981952.607609,565615765.161717,550940568,110230429.769326,440710138.230674,1.28341900059868,2022-04-20
2021-04-21,4.44926902777778,913965726,80432606.7537547,-0.550730972222222,118283295.777008,715249823.469237,298624691,8849954.24624526,289774736.753755,2.46829599944402,2022-04-21
2021-04-22,4.44249548611111,913965726,39920075.269553,-0.557504513888889,119738083.818406,754307566.912041,298624691,49362485.730447,249262205.269553,3.02616101023551,2022-04-22
2021-04-23,3.43593256944444,824683165,9319285.82896939,-0.564067430555555,121147634.85584,694216244.31519,410644756,102700779.171031,307943976.828969,2.25435889821204,2022-04-23
2021-04-24,4.440015,913965726,59314051.7858494,-0.559984999999999,120270830.453605,734380843.760546,298624691,29968509.2141506,268656181.785849,2.7335341360056,2022-04-24
2021-04-25,5.45522930555556,986202085,18638221.4913577,-0.544770694444445,117003176.56298,850560686.945662,209342130,53598137.5086423,155743992.491358,5.4612744500746,2022-04-25
2021-04-26,4.44957125,913965726,3693496.68149405,-0.55042875,118218385.971124,792053843.347382,298624691,85589064.3185059,213035626.681494,3.71794077678645,2022-04-26
2021-04-27,4.44392715277778,913965726,26725592.5307927,-0.556072847222222,119430597.476927,767809535.99228,298624691,62556968.4692073,236067722.530793,3.2524969011472,2022-04-27
2021-04-28,4.43950868055556,913965726,11202830.3204325,-0.560491319444445,120379575.259373,782383320.420194,298624691,78079730.6795675,220544960.320433,3.54750033409723,2022-04-28
2021-04-29,5.43489145833333,986202085,65913541.52934,-0.565108541666667,121371239.591553,798917303.879107,209342130,6322817.47066004,203019312.52934,3.93517884542954,2022-04-29
2021-04-30,3.42617979166667,824683165,21602845.1385171,-0.573820208333334,123242288.610071,679838031.251412,410644756,90417219.8614829,320227536.138517,2.12298429875606,2022-04-30
2021-05-01,3.41552958333333,824683165,26425523.0488337,-0.584470416666667,125529688.095332,672727953.855834,410644756,85594541.9511663,325050214.048834,2.06961240073131,2022-05-01
2021-05-02,3.40933798611111,824683165,33338189.8955783,-0.590662013888888,126859488.964553,664485486.139868,410644756,78681875.1044217,331962880.895578,2.00168610522719,2022-05-02
2021-05-03,3.41549546099291,824683165,41765330.4740287,-0.584504539007092,125537016.72417,657380817.801801,410644756,70254734.5259713,340390021.474029,1.93125760548171,2022-05-03
2021-05-04,2.43263847222222,712663100,21579933.367745,-0.567361527777777,121855124.893094,569228041.739161,550940568,118715878.632255,432224689.367745,1.31697252781146,2022-05-04
2021-05-05,2.45275166666667,712663100,38110813.4371499,-0.547248333333334,117535311.685762,557016974.877088,550940568,102184998.56285,448755569.43715,1.24124804863308,2022-05-05
2021-05-06,2.44522069444444,712663100,38471255.0439504,-0.554779305555556,119152776.94517,555039068.01088,550940568,101824556.95605,449116011.04395,1.23584787529778,2022-05-06
2021-05-07,3.44047069444444,824683165,57664483.1683931,-0.559529305555555,120172958.63692,646845723.194687,410644756,54355581.8316069,356289174.168393,1.81550765527601,2022-05-07
2021-05-08,4.434299375,913965726,86258281.303028,-0.565700625,121498404.344533,706209040.352439,298624691,3024279.69697202,295600411.303028,2.38906650108983,2022-05-08
2021-05-09,3.42623131944444,824683165,22998394.2262779,-0.573768680555556,123231221.726807,678453549.046915,410644756,89021670.7737221,321623085.226278,2.10946782184366,2022-05-09
2021-05-10,3.41938263888889,824683165,15200976.2535419,-0.580617361111111,124702147.730053,684780041.016405,410644756,96819088.7464581,313825667.253542,2.18203962413045,2022-05-10
2021-05-11,3.41164270833333,824683165,16999274.5031287,-0.588357291666666,126364492.034936,681319398.461935,410644756,95020790.4968714,315623965.503129,2.15864279309672,2022-05-11
2021-05-12,3.40378,824683165,11500861.3104067,-0.596220000000001,128053205.94846,685129097.741133,410644756,100519203.689593,310125552.310407,2.20919912157184,2022-05-12
2021-05-13,4.39706631944444,913965726,77562066.0958373,-0.602933680555555,129495137.314152,706908522.590011,298624691,11720494.9041627,286904196.095837,2.46391838184854,2022-05-13
2021-05-14,4.38895163120567,913965726,72313281.6889868,-0.611048368794327,131237970.2353,710414474.075713,298624691,16969279.3110132,281655411.688987,2.52228235138679,2022-05-14
2021-05-15,4.38206458333333,913965726,59131402.0137948,-0.617935416666667,132717136.582577,722117187.403628,298624691,30151158.9862052,268473532.013795,2.68971463215422,2022-05-15
2021-05-16,4.38095069444444,913965726,45967480.0630989,-0.619049305555556,132956372.17228,735041873.764621,298624691,43315080.9369011,255309610.063099,2.87902156751153,2022-05-16
2021-05-17,4.3806175,913965726,72725957.7882214,-0.6193825,133027934.040073,708211834.171706,298624691,16556603.2117786,282068087.788221,2.51078326415797,2022-05-17
2021-05-18,4.37776555555556,913965726,54288108.827059,-0.622234444444445,133640460.673359,726037156.499582,298624691,34994452.172941,263630238.827059,2.75399802287423,2022-05-18
2021-05-19,4.37354694444444,913965726,54533180.9711272,-0.626453055555556,134546513.267079,724886031.761794,298624691,34749380.0288728,263875310.971127,2.7470778872568,2022-05-19
2021-05-20,4.36791520833333,913965726,51790338.0053597,-0.632084791666667,135756069.914094,726419318.080546,298624691,37492222.9946403,261132468.00536,2.78180390063803,2022-05-20
2021-05-21,4.361360625,913965726,58011599.0819961,-0.638639375,137163831.159087,718790295.758917,298624691,31270961.9180039,267353729.081996,2.68853663731194,2022-05-21
2021-05-22,4.35806340277778,913965726,65584567.0490401,-0.641936597222223,137871992.368506,710509166.582453,298624691,23697993.9509599,274926697.04904,2.58435857342627,2022-05-22
2021-05-23,4.35543666666667,913965726,60501009.5609303,-0.644563333333334,138436149.861057,715028566.578013,298624691,28781551.4390697,269843139.56093,2.649793386415,2022-05-23
2021-05-24,4.35108576388889,913965726,54986142.0880735,-0.648914236111111,139370615.409788,719608968.502139,298624691,34296418.9119265,264328272.088074,2.72240635788807,2022-05-24
2021-05-25,3.34766493055556,824683165,111118761.724617,-0.652335069444444,140105325.207092,573459078.068291,410644756,901303.27538262,409743452.724617,1.39955641574023,2022-05-25
2021-05-26,2.34449159722222,712663100,30405135.7546042,-0.655508402777778,140786878.168879,541471086.076517,550940568,109890676.245396,441049891.754604,1.22768669984798,2022-05-26
2021-05-27,2.33825215277778,712663100,30066992.0259448,-0.661747847222221,142126955.429702,540469152.544353,550940568,110228819.974055,440711748.025945,1.22635521963108,2022-05-27
2021-05-28,2.34110208333333,712663100,29705496.9123999,-0.658897916666668,141514861.32959,541442741.75801,550940568,110590315.0876,440350252.9124,1.22957290969405,2022-05-28
2021-05-29,2.35487020833333,712663100,17858438.9395853,-0.645129791666667,138557811.002279,556246850.058136,550940568,122437373.060415,428503194.939585,1.29811599219595,2022-05-29
2021-05-30,3.36491048611111,824683165,26574136.9259114,-0.635089513888889,136401409.408811,661707618.665277,410644756,85445928.0740886,325198827.925911,2.03477860878401,2022-05-30
2021-05-31,3.36064235714286,824683165,9622692.15287315,-0.639357642857142,137318097.204903,677742375.642223,410644756,102397372.847127,308247383.152873,2.19869628319311,2022-05-31
2021-06-01,3.3564875,824683165,2804335.82266224,-0.6435125,138210457.034162,683668372.143175,410644756,109215729.177338,301429026.822662,2.26809069899361,2022-06-01
2021-06-02,3.35120020833333,824683165,6606813.64516741,-0.648799791666667,139346035.593589,678730315.761244,410644756,105413251.354833,305231504.645167,2.22365747123735,2022-06-02
2021-06-03,3.36006951388889,824683165,14237570.9991261,-0.639930486111112,137441129.668049,673004464.332824,410644756,97782494.0008738,312862261.999126,2.1511206242404,2022-06-03
2021-06-04,3.37517576388889,824683165,27380839.1045307,-0.624824236111111,134196683.419418,663105642.476051,410644756,84639225.8954693,326005530.104531,2.03403188364146,2022-06-04
2021-06-05,3.36698701388889,824683165,31148036.0233203,-0.633012986111112,135955422.962222,657579706.014458,410644756,80872028.9766797,329772727.02332,1.99403908246165,2022-06-05
2021-06-06,3.35948097222222,824683165,24119778.6869166,-0.640519027777778,137567533.759242,662995852.553842,410644756,87900286.3130834,322744469.686917,2.0542438827751,2022-06-06
2021-06-07,3.35681048611111,824683165,28002111.2567885,-0.643189513888888,138141087.662111,658539966.081101,410644756,84017953.7432115,326626802.256788,2.01618471457639,2022-06-07
2021-06-08,3.36776479166667,824683165,33069354.8719981,-0.632235208333332,135788375.667666,655825434.460336,410644756,78950710.1280019,331694045.871998,1.97719990039683,2022-06-08
2021-06-09,3.38965611111111,824683165,46086772.381535,-0.610343888888888,131086665.498093,647509727.120372,410644756,65933292.618465,344711463.381535,1.87841077511163,2022-06-09
2021-06-10,3.40485826388889,824683165,44988201.6465722,-0.595141736111112,127821621.721445,651873341.631982,410644756,67031863.3534278,343612892.646572,1.89711549124694,2022-06-10
2021-06-11,3.42404243055556,824683165,44975267.0185536,-0.575957569444444,123701340.541484,656006557.439962,410644756,67044797.9814464,343599958.018554,1.90921605818281,2022-06-11
2021-06-12,3.47390895833333,824683165,45250154.4904713,-0.526091041666668,112991252.400425,666441758.109103,410644756,66769910.5095287,343874845.490471,1.93803579077892,2022-06-12
2021-06-13,3.47236236111111,824683165,41365110.1383907,-0.527637638888889,113323422.962662,669994631.898948,410644756,70654954.8616093,339989801.138391,1.9706315591103,2022-06-13
2021-06-14,3.48531076388889,824683165,36426771.2830159,-0.514689236111112,110542428.551863,677713965.165121,410644756,75593293.7169841,335051462.283016,2.02271603456743,2022-06-14
2021-06-15,3.474149375,824683165,59651629.8261394,-0.525850625,112939616.888483,652091918.285377,410644756,52368435.1738606,358276320.826139,1.82008098325264,2022-06-15
2021-06-16,3.45945243055556,824683165,23351847.3645854,-0.540547569444444,116096154.498354,685235163.13706,410644756,88668217.6354146,321976538.364585,2.12821457929069,2022-06-16
2021-06-17,3.44375680555556,824683165,11855680.5926042,-0.556243194444445,119467183.817423,693360300.589973,410644756,100164384.407396,310480371.592604,2.23318561825146,2022-06-17
2021-06-18,3.43098541666667,824683165,17674390.2805985,-0.569014583333333,122210160.053773,684798614.665629,410644756,94345674.7194015,316299081.280598,2.1650351050439,2022-06-18
2021-06-19,3.41946506944444,824683165,24941530.2989973,-0.580534930555556,124684443.699818,675057191.001185,410644756,87078534.7010027,323566221.298997,2.08630303957898,2022-06-19
2021-06-20,3.40997166666667,824683165,23289341.7259285,-0.590028333333333,126723390.164302,674670433.10977,410644756,88730723.2740715,321914032.725929,2.09580932958015,2022-06-20
2021-06-21,3.401203125,824683165,24045441.4107302,-0.598796875,128606654.516234,672031069.073036,410644756,87974623.5892698,322670132.41073,2.08271854618884,2022-06-21
2021-06-22,3.40142083333333,824683165,23378034.5006373,-0.598579166666667,128559896.188696,672745234.310667,410644756,88642030.4993627,322002725.500637,2.08925322996788,2022-06-22
2021-06-23,3.39722222222222,824683165,16794769.7879194,-0.602777777777778,129461653.280556,678426741.931525,410644756,95225295.2120806,315419460.787919,2.15087154177745,2022-06-23
2021-06-24,3.38608006944444,824683165,10261457.9263915,-0.613919930555555,131854710.179623,682566996.893986,410644756,101758607.073608,308886148.926392,2.20976887201453,2022-06-24
2021-06-25,4.37645479166667,913965726,88787019.9273629,-0.623545208333333,133921980.109496,691256725.963141,298624691,495541.072637071,298129149.927363,2.31864856600423,2022-06-25
2021-06-26,4.36728819444444,913965726,85049034.5400584,-0.632711805555555,135890736.880392,693025954.579549,298624691,4233526.45994156,294391164.540058,2.35409902896474,2022-06-26
2021-06-27,4.36613236111111,913965726,79297909.5725759,-0.633867638888889,136138981.092052,698528835.335373,298624691,9984651.42742408,288640039.572576,2.42006908109411,2022-06-27
2021-06-28,3.38458830985915,824683165,5028886.82482493,-0.615411690140846,132175102.983287,687479175.191888,410644756,106991178.175175,303653577.824825,2.26402461685628,2022-06-28
2021-06-29,3.38140006944444,824683165,598069.889175636,-0.618599930555556,132859857.614863,691225237.495961,410644756,111421995.110824,299222760.889176,2.31006904502152,2022-06-29
2021-06-30,4.37213701388889,913965726,83842126.6013784,-0.627862986111111,134849331.233272,695274268.16535,298624691,5440434.39862161,293184256.601378,2.37145840034195,2022-06-30
2021-07-01,4.369730625,913965726,79112521.6757523,-0.630269374999999,135366163.630677,699487040.693571,298624691,10170039.3242477,288454651.675752,2.42494630136821,2022-07-01
2021-07-02,3.38074034722222,824683165,15871155.9510513,-0.619259652777778,133001549.516495,675810459.532454,410644756,96148909.0489487,314495846.951051,2.14886926515643,2022-07-02
2021-07-03,4.36923881944444,913965726,88648128.2290441,-0.630761180555556,135471791.214609,689845806.556347,298624691,634432.770955894,297990258.229044,2.31499449229012,2022-07-03
2021-07-04,4.35592951388889,913965726,80139897.0880399,-0.644070486111112,138330298.553069,695495530.358891,298624691,9142663.91196012,289482027.08804,2.4025516794774,2022-07-04
2021-07-05,4.34368729166667,913965726,61532939.824739,-0.656312708333333,140959622.969373,711473163.205888,298624691,27749621.175261,270875069.824739,2.62657306804286,2022-07-05
2021-07-06,4.33205458333333,913965726,77987858.1459266,-0.667945416666667,143458038.983507,692519828.870566,298624691,11294702.8540734,287329988.145927,2.41018987728791,2022-07-06
2021-07-07,3.32159993055556,824683165,1764760.34764135,-0.678400069444445,145703438.006137,677214966.646222,410644756,110255304.652359,300389451.347641,2.2544565516799,2022-07-07
2021-07-08,3.31767395833333,824683165,3562355.44878658,-0.682326041666666,146546639.05528,674574170.495933,410644756,108457709.551213,302187046.448787,2.23230670680074,2022-07-08
2021-07-09,3.31273104166667,824683165,10354383.1028135,-0.687268958333334,147608254.442055,666720527.455132,410644756,101665681.897187,308979074.102813,2.15781774021783,2022-07-09
2021-07-10,3.30208805555556,824683165,964987.846806772,-0.697911944444444,149894102.773866,673824074.379327,410644756,111055077.153193,299589678.846807,2.24915650289769,2022-07-10
2021-07-11,4.29430847222222,913965726,88289461.4882816,-0.705691527777777,151564963.507784,674111301.003934,298624691,993099.511718425,297631591.488282,2.26491851094535,2022-07-11
2021-07-12,3.29118614285714,824683165,436533.077450759,-0.708813857142857,152235562.087546,672011069.835003,410644756,111583531.922549,299061224.077451,2.24706854560645,2022-07-12
2021-07-13,4.29128263888889,913965726,84956356.0654174,-0.708717361111111,152214837.143353,676794532.791229,298624691,4326204.93458256,294298486.065417,2.29968744263533,2022-07-13
2021-07-14,3.28619368055556,824683165,1469137.37060836,-0.713806319444444,153307818.642668,669906208.986723,410644756,110550927.629392,300093828.370608,2.23232251267562,2022-07-14
2021-07-15,3.29085701388889,824683165,8627992.98227291,-0.709142986111111,152306250.792312,663748921.225416,410644756,103392072.017727,307252683.982273,2.16027053896691,2022-07-15
2021-07-16,4.28001645833333,913965726,86487237.030679,-0.719983541666666,154634532.119928,672843956.849393,298624691,2795323.96932101,295829367.030679,2.27443260147873,2022-07-16
2021-07-17,3.27462131944444,824683165,3118545.21081255,-0.725378680555556,155793273.576537,665771346.212651,410644756,108901519.789187,301743236.210813,2.20641680182521,2022-07-17
2021-07-18,3.28404527777778,824683165,9055683.79073578,-0.715954722222222,153769242.049067,661858239.160197,410644756,102964381.209264,307680374.790736,2.15112270196092,2022-07-18
2021-07-19,4.27207854166667,913965726,71995106.850344,-0.727921458333334,156339398.910237,685631220.239419,298624691,17287454.149656,281337236.850344,2.43704398292693,2022-07-19
2021-07-20,4.26042104166667,913965726,83315993.9387449,-0.739578958333334,158843139.556885,671806592.50437,298624691,5966567.06125506,292658123.938745,2.29553372195122,2022-07-20
2021-07-21,4.24825833333333,913965726,87236913.3519411,-0.751741666666666,161455386.370308,665273426.277751,298624691,2045647.64805889,296579043.351941,2.24315723308977,2022-07-21
2021-07-22,4.23287763888889,913965726,83971481.1130648,-0.767122361111111,164758776.450019,665235468.436917,298624691,5311079.88693524,293313611.113065,2.26800067651987,2022-07-22
2021-07-23,4.21889576388889,913965726,88669412.8112298,-0.78110423611111,167761734.953458,657534578.235312,298624691,613148.188770183,298011542.81123,2.20640640974036,2022-07-23
2021-07-24,4.20604236111111,913965726,88092981.0077267,-0.793957638888889,170522325.730422,655350419.261852,298624691,1189579.99227329,297435111.007727,2.20333913182438,2022-07-24
2021-07-25,3.20623923611111,824683165,3654123.77924591,-0.793760763888889,170480041.883987,650548999.336767,410644756,108365941.220754,302278814.779246,2.1521488358748,2022-07-25
2021-07-26,4.22163361111111,913965726,60676461.7650332,-0.778366388888889,167173713.561685,686115550.673281,298624691,28606099.2349668,270018591.765033,2.54099373746209,2022-07-26
2021-07-27,4.25007458333333,913965726,54553143.9800168,-0.749925416666667,161065301.107647,698347280.912336,298624691,34729417.0199832,263895273.980017,2.64630461311413,2022-07-27
2021-07-28,4.23800243055556,913965726,70297271.3356653,-0.761997569444445,163658098.843205,680010355.82113,298624691,18985289.6643347,279639401.335665,2.43174013595058,2022-07-28
2021-07-29,4.22540166666667,913965726,61599397.6250557,-0.774598333333333,166364429.079312,686001899.295633,298624691,27683163.3749443,270941527.625056,2.53191862210566,2022-07-29
2021-07-30,3.21177895833333,824683165,10494052.9641608,-0.788221041666667,169290247.528515,644898864.507324,410644756,101526012.035839,309118743.964161,2.0862496276903,2022-07-30
2021-07-31,4.19604888888889,913965726,74631163.6930019,-0.803951111111111,172668674.656342,666665887.650656,298624691,14651397.3069981,283973293.693002,2.34763586033332,2022-07-31
2021-08-01,4.18711777777778,913965726,83297766.3600532,-0.812882222222223,174586854.875825,656081104.764122,298624691,5984794.63994681,292639896.360053,2.2419400530299,2022-08-01
2021-08-02,4.17085645833333,913965726,77804742.8726475,-0.829143541666667,178079381.271808,658081601.855545,298624691,11477818.1273525,287146872.872647,2.291794423084,2022-08-02
2021-08-03,4.15538826388889,913965726,51555610.5925692,-0.84461173611111,181401564.172155,681008551.235276,298624691,37726950.4074308,260897740.592569,2.6102508580125,2022-08-03
2021-08-04,4.13992395833333,913965726,49734618.6124299,-0.860076041666666,184722911.83603,679508195.55154,298624691,39547942.3875701,259076748.61243,2.62280655902495,2022-08-04
2021-08-05,4.12386784722222,913965726,27502212.7016067,-0.876132152777778,188171364.593138,698292148.705256,298624691,61780348.2983933,236844342.701607,2.9483167752291,2022-08-05
2021-08-06,4.108735,913965726,37569926.5103277,-0.891265000000001,191421523.262645,684974276.227027,298624691,51712634.4896723,246912056.510328,2.7741629384484,2022-08-06
2021-08-07,4.09513958333333,913965726,36550814.227042,-0.904860416666667,194341480.141602,683073431.631356,298624691,52731746.772958,245892944.227042,2.77793018331038,2022-08-07
2021-08-08,4.08037243055556,913965726,36573371.012747,-0.919627569444444,197513096.752794,679879258.234459,298624691,52709189.987253,245915501.012747,2.76468646927311,2022-08-08
2021-08-09,4.06158964539007,913965726,31132166.5192941,-0.93841035460993,201547171.183511,681286388.297195,298624691,58150394.4807059,240474296.519294,2.83309442280678,2022-08-09
2021-08-10,4.04565465277778,913965726,31476043.9819325,-0.954345347222223,204969610.70377,677520071.314297,298624691,57806517.0180675,240818173.981932,2.81340922120408,2022-08-10
2021-08-11,4.03594951388889,913965726,30501456.223189,-0.964050486111111,207054032.811209,676410236.965602,298624691,58781104.776811,239843586.223189,2.82021398869579,2022-08-11
2021-08-12,4.02652875,913965726,26626614.6734374,-0.973471249999999,209077378.251576,678261733.074987,298624691,62655946.3265626,235968744.673437,2.87437106983659,2022-08-12
2021-08-13,4.01389638888889,913965726,36798171.3634618,-0.986103611111112,211790494.784025,665377059.852513,298624691,52484389.6365382,246140301.363462,2.70324305352169,2022-08-13
2021-08-14,4.00212409722222,913965726,40917575.9538708,-0.997875902777778,214318889.821556,658729260.224573,298624691,48364985.0461292,250259705.953871,2.63218266685726,2022-08-14
2021-08-15,4.00319305555556,913965726,30702258.9229641,-0.996806944444444,214089304.196101,669174162.880935,298624691,58580302.0770359,240044388.922964,2.78771008097043,2022-08-15
2021-08-16,4.10338020833333,913965726,43007301.2946022,-0.896619791666666,192571599.140849,678386825.564549,298624691,46275259.7053978,252349431.294602,2.68828355223268,2022-08-16
2021-08-17,4.13567659722222,913965726,30890828.6419998,-0.864323402777778,185635139.213674,697439758.144327,298624691,58391732.3580002,240232958.642,2.90318098768315,2022-08-17
2021-08-18,4.15792,913965726,27191618.9244496,-0.842079999999999,180857810.31344,705916296.762111,298624691,62090942.0755504,236533748.92445,2.98442103916251,2022-08-18
2021-08-19,4.15708145833333,913965726,27478439.1351073,-0.842918541666666,181037908.177883,705449378.68701,298624691,61804121.8648927,236820569.135107,2.97883490975207,2022-08-19
2021-08-20,4.16916277777778,913965726,25562040.1948884,-0.830837222222222,178443141.670639,709960544.134472,298624691,63720520.8051116,234904170.194888,3.02234116808336,2022-08-20
2021-08-21,4.16026368055556,913965726,24956626.7271836,-0.839736319444444,180354446.104158,708654653.168658,298624691,64325934.2728164,234298756.727184,3.02457709578806,2022-08-21
2021-08-22,4.14809895833333,913965726,23248990.5248034,-0.851901041666666,182967125.450755,707749610.024441,298624691,66033570.4751966,232591120.524803,3.04289178549689,2022-08-22
2021-08-23,4.1190797080292,913965726,20307590.5525435,-0.880920291970803,189199737.633616,704458397.81384,298624691,68974970.4474565,229649720.552544,3.06753431320924,2022-08-23
2021-08-24,4.09378384615385,913965726,19356168.1917587,-0.906216153846154,194632658.72041,699976899.087831,298624691,69926392.8082413,228698298.191759,3.06070007788565,2022-08-24
2021-08-25,4.08015590277778,913965726,23959053.3324854,-0.919844097222223,197559601.526404,692447071.141111,298624691,65323507.6675146,233301183.332485,2.96803925831049,2022-08-25
2021-08-26,4.06576305555556,913965726,28151245.884727,-0.934236944444445,200650826.627091,685163653.488182,298624691,61131315.115273,237493375.884727,2.88498005864695,2022-08-26
2021-08-27,4.05362708333333,913965726,27026223.4215201,-0.946372916666666,203257331.189764,683682171.388716,298624691,62256337.57848,236368353.42152,2.89244377046318,2022-08-27
2021-08-28,4.04111020833333,913965726,26548017.1235975,-0.958889791666667,205945644.181959,681472064.694443,298624691,62734543.8764025,235890147.123597,2.8889382324959,2022-08-28
2021-08-29,4.02786791666667,913965726,28063302.1312158,-0.972132083333333,208789758.6062,677112665.262584,298624691,61219258.8687842,237405432.131216,2.85213636092513,2022-08-29
2021-08-30,4.01804208333333,913965726,41506904.9716984,-0.981957916666667,210900102.87417,661558718.154132,298624691,47775656.0283016,250849034.971698,2.63727830656702,2022-08-30
2021-08-31,4.01282055555555,913965726,28520497.7178875,-0.987179444444445,212021556.988244,673423671.293868,298624691,60762063.2821125,237862627.717888,2.83114534534013,2022-08-31
2021-09-01,4.07558583333333,913965726,56879625.2956021,-0.924414166666667,198541138.616351,658544962.088047,298624691,32402935.7043979,266221755.295602,2.47367072370485,2022-09-01
2021-09-02,4.08389652777778,913965726,26260220.5855505,-0.916103472222222,196756208.444151,690949296.970299,298624691,63022340.4144495,235602350.58555,2.93269271402878,2022-09-02
2021-09-03,4.06914270833333,913965726,21852708.0825413,-0.930857291666667,199924961.387437,692188056.530022,298624691,67429852.9174587,231194838.082541,2.99395982311204,2022-09-03
2021-09-04,4.05422604166667,913965726,17711913.7047082,-0.945773958333334,203128689.85802,693125122.437272,298624691,71570647.2952918,227054043.704708,3.05268785848494,2022-09-04
2021-09-05,4.04113472222222,913965726,15737909.5450554,-0.958865277777777,205940379.209193,692287437.245752,298624691,73544651.4549446,225080039.545055,3.07573891778695,2022-09-05
2021-09-06,4.01247985714286,913965726,12041608.7142845,-0.987520142857143,212094730.521516,689829386.764199,298624691,77240952.2857155,221383738.714284,3.11598941625286,2022-09-06
2021-09-07,3.98237423611111,699190633,13159733.2778951,-0.0176257638888888,3378901.32746214,682651998.394643,298624691,76122827.7221049,222501863.277895,3.06807317627736,2022-09-07
2021-09-08,3.96757842105263,699190633,17859282.0403039,-0.0324215789473676,6215294.65810774,675116056.301588,298624691,71423278.9596961,227201412.040304,2.97144304799403,2022-09-08
2021-09-09,3.96811077129443,699190633,21325674.2887847,-0.0318892287055661,6113241.83645206,671751716.874763,298624691,67956886.7112153,230667804.288785,2.91220406309397,2022-09-09
2021-09-10,3.9691257076412,699190633,14586331.1285318,-0.0308742923588046,5918676.09785596,678685625.773612,298624691,74696229.8714682,223928461.128532,3.03081449474195,2022-09-10
2021-09-11,3.95221659722222,699190633,8667148.28184643,-0.0477834027777782,9160193.23158375,681363291.48657,298624691,80615412.7181536,218009278.281846,3.12538666636789,2022-09-11
2021-09-12,3.93744868055555,699190633,5332544.11407865,-0.0625513194444451,11991238.3734234,681866850.512498,298624691,83950016.8859214,214674674.114079,3.17627989107906,2022-09-12
2021-09-13,4.92222083333333,771426992,68029206.8437928,-0.0777791666666658,14910453.3088957,688487331.847311,209342130,4207152.15620722,205134977.843793,3.35626492899511,2022-09-13
2021-09-14,4.90719902777778,771426992,59746988.5448025,-0.0928009722222214,17790169.561338,693889833.89386,209342130,12489370.4551975,196852759.544802,3.52491799199764,2022-09-14
2021-09-15,4.89272263888889,771426992,63811531.0140494,-0.107277361111111,20565328.1270534,687050132.858897,209342130,8424827.98595058,200917302.014049,3.41956678679099,2022-09-15
2021-09-16,4.87913083333333,771426992,72093724.9201881,-0.120869166666667,23170909.9403459,676162357.139466,209342130,142634.079811916,209199495.920188,3.2321414263705,2022-09-16
2021-09-17,3.86620097222222,699190633,7276457.29141081,-0.133799027777778,25649595.4116619,666264580.296927,298624691,82006103.7085892,216618587.291411,3.07574981735349,2022-09-17
2021-09-18,3.85209305555555,699190633,2004900.69982123,-0.147906944444445,28354116.9662015,668831615.333977,298624691,87277660.3001788,211347030.699821,3.16461325772741,2022-09-18
2021-09-19,4.83684826388889,771426992,64241035.0945505,-0.163151736111111,31276580.1924253,675909376.713024,209342130,7995323.90544945,201346806.094551,3.35694113963558,2022-09-19
2021-09-20,4.82262819444444,771426992,57525898.302718,-0.177371805555556,34002601.7041924,679898491.99309,209342130,14710460.697282,194631669.302718,3.49325726090145,2022-09-20
2021-09-21,4.82326402777778,771426992,64291430.368629,-0.176735972222222,33880710.9250131,673254850.706358,209342130,7944928.63137101,201397201.368629,3.3429205874319,2022-09-21
2021-09-22,5.01827730519481,986202085,45027229.4477391,-0.981722694805194,210849583.076996,730325272.475265,209342130,27209129.5522609,182133000.447739,4.00984594049349,2022-09-22
2021-09-23,5.16460604166667,986202085,9477902.46040637,-0.835393958333333,179421815.09268,797302367.446914,209342130,62758456.5395936,146583673.460406,5.43923036327967,2022-09-23
2021-09-24,5.17173375,986202085,9482751.96651536,-0.82826625,177890960.872511,798828372.160973,209342130,62753607.0334846,146588522.966515,5.44946054435276,2022-09-24
2021-09-25,5.16881520833333,986202085,7857833.24528563,-0.831184791666667,178517790.930394,799826460.82432,209342130,64378525.7547144,144963604.245286,5.51742946092161,2022-09-25
2021-09-26,5.16180006944444,986202085,5624088.22317835,-0.838199930555556,180024468.037663,800553528.739159,209342130,66612270.7768217,142729859.223178,5.6088721245593,2022-09-26
2021-09-27,5.15198340277778,986202085,3781211.15849449,-0.848016597222223,182132843.533947,800288030.307559,209342130,68455147.8415055,140886982.158494,5.68035469314868,2022-09-27
2021-09-28,5.14342131944444,986202085,2015086.58785737,-0.856578680555556,183971765.778137,800215232.634006,209342130,70221272.4121426,139120857.587857,5.75194292580216,2022-09-28
2021-09-29,5.133265,986202085,2014833.75875053,-0.866735,186153090.231355,798034161.009894,209342130,70221525.2412495,139120604.758751,5.73627581905475,2022-09-29
2021-09-30,5.12277277777778,986202085,10289237.9119106,-0.877227222222222,188406558.234909,787506288.85318,209342130,61947121.0880894,147395008.911911,5.34282873393513,2022-09-30
2021-10-01,5.11084527777778,986202085,6530569.94430625,-0.889154722222223,190968288.156667,788703226.899027,209342130,65705789.0556938,143636340.944306,5.4909727003199,2022-10-01
2021-10-02,5.10052534722222,986202085,7745271.53941089,-0.899474652777778,193184752.20149,785272061.259099,209342130,64491087.4605891,144851042.539411,5.42123858753342,2022-10-02
2021-10-03,5.09231805555556,986202085,2909561.22220737,-0.907681944444445,194947474.032476,788345049.745316,209342130,69326797.7777926,140015332.222207,5.63041944930856,2022-10-03
2021-10-04,5.09098944444444,986202085,4328831.927443,-0.909010555555556,195232826.607426,786640426.465131,209342130,67907527.072557,141434602.927443,5.5618668287893,2022-10-04
2021-10-05,5.08245256944445,986202085,457229.331102499,-0.917547430555555,197066334.72948,788678520.939417,209342130,71779129.6688975,137563000.331102,5.7332169190926,2022-10-05
2021-10-06,6.08018291666667,1041515528,52933172.4384946,-0.919817083333333,197553799.615905,791028555.9456,137105771,2380270.56150541,134725500.438495,5.87140929795042,2022-10-06
2021-10-07,6.07586048611111,1041515528,54676116.404775,-0.924139513888889,198482150.040461,788357261.554764,137105771,637326.595225,136468444.404775,5.77684654495248,2022-10-07
2021-10-08,6.06803875,1041515528,50453081.5306615,-0.931961250000001,200162064.141146,790900382.328192,137105771,4860361.46933852,132245409.530661,5.98055074376566,2022-10-08
2021-10-09,6.06148798611111,1041515528,53754876.178349,-0.938512013888889,201569005.064604,786191646.757047,137105771,1558566.82165097,135547204.178349,5.8001317808267,2022-10-09
2021-10-10,6.051336875,1041515528,53048316.4014778,-0.948663124999999,203749210.897546,784718000.700977,137105771,2265126.59852217,134840644.401478,5.81959545049739,2022-10-10
2021-10-11,5.04151263888889,986202085,3816937.52849105,-0.958487361111111,205859212.121963,776525935.349546,209342130,68419421.4715089,140922708.528491,5.51029669709017,2022-10-11
2021-10-12,5.02118856115108,986202085,5334780.91556005,-0.97881143884892,210224317.808241,770642986.276199,209342130,66901578.0844399,142440551.91556,5.41027801361682,2022-10-12
2021-10-13,5.00080138888889,986202085,4717026.53673462,-0.999198611111112,214602974.62686,766882083.836406,209342130,67519332.4632654,141822797.536735,5.4073258824116,2022-10-13
2021-10-14,4.99024305555556,771426992,1084778.551316,-0.00975694444444386,1870429.71545128,768471783.733233,209342130,71151580.448684,138190549.551316,5.5609575779845,2022-10-14
2021-10-15,5.97884881944444,826740435,44661448.9590825,-0.021151180555556,4054732.18108932,778024253.859828,137105771,10651994.0409175,126453776.959082,6.15263752945536,2022-10-15
2021-10-16,5.97022247066493,826740435,51948212.9426535,-0.0297775293350711,5708423.98849117,769083798.068855,137105771,3365230.0573465,133740540.942653,5.75056592898506,2022-10-16
2021-10-17,5.95426152777778,826740435,9062904.62186656,-0.0457384722222223,8768175.1260257,808909355.252108,137105771,46250538.3781334,90855232.6218666,8.90327757586329,2022-10-17
2021-10-18,5.93741402777778,826740435,8057932.29193647,-0.0625859722222231,11997881.3942634,806684621.3138,137105771,47255510.7080635,89850260.2919365,8.97809999317493,2022-10-18
2021-10-19,5.922320625,826740435,4778393.51531679,-0.0776793750000007,14891323.006397,807070718.478286,137105771,50535049.4846832,86570721.5153168,9.32267519955338,2022-10-19
2021-10-20,5.90907729166667,826740435,3229107.13905792,-0.0909227083333342,17430101.8566137,806081226.004328,137105771,52084335.8609421,85021435.1390579,9.48091766136306,2022-10-20
2021-10-21,5.89721423611111,826740435,1237428.4678091,-0.102785763888889,19704278.1372622,805798728.394929,137105771,54076014.5321909,83029756.4678091,9.70493908057336,2022-10-21
2021-10-22,5.88820229166667,826740435,3197150.67382392,-0.111797708333333,21431889.5609884,802111394.765188,137105771,52116292.3261761,84989478.6738239,9.43777285472668,2022-10-22
2021-10-23,5.87407625,826740435,3458457.85077056,-0.12592375,24139885.7216188,799142091.427611,137105771,51854985.1492294,85250785.8507706,9.37401436775597,2022-10-23
2021-10-24,5.860625625,826740435,1232280.70869914,-0.139374374999999,26718402.8828717,798789751.408429,137105771,54081162.2913009,83024608.7086991,9.62112033808036,2022-10-24
2021-10-25,6.85121555555556,867137744,35773068.6738554,-0.148784444444445,28522335.826589,802842339.499556,81792328,4624240.32614461,77168087.6738554,10.4038128156383,2022-10-25
2021-10-26,6.83627471428571,867137744,5791517.24557892,-0.163725285714285,31386531.0307407,829959695.72368,81792328,34605791.7544211,47186536.2455789,17.5889090778822,2022-10-26
2021-10-27,7.80893277777778,892255388,753420.178463676,-0.191067222222221,36628046.0166693,854873921.804867,41395019,24364223.8215363,17030795.1784637,50.1957725899904,2022-10-27
2021-10-28,7.79470958333333,892255388,1952706.17326078,-0.205290416666667,39354666.5984522,850948015.228287,41395019,23164937.8267392,18230081.1732608,46.6782351181423,2022-10-28
2021-10-29,7.82871555555556,892255388,1643080.46043482,-0.171284444444444,32835639.9390888,857776667.600476,41395019,23474563.5395652,17920455.4604348,47.8657849681497,2022-10-29
2021-10-30,7.83587854166667,892255388,1042255.21504972,-0.164121458333334,31462478.2746074,859750654.510343,41395019,24075388.7849503,17319630.2150497,49.6402431134627,2022-10-30
2021-10-31,8.82830951388889,903543792,11052281.0145638,-0.17169048611111,32913479.103119,859578031.882317,16277375,236122.985436186,16041252.0145638,53.5854702053124,2022-10-31
2021-11-01,8.81415805555556,903543792,159821.850965549,-0.185841944444444,35626347.6998764,867757622.449158,16277375,11128582.1490345,5148792.85096555,168.536130228356,2022-11-01
2021-11-02,8.80678347222222,903543792,76574.5749672069,-0.193216527777778,37040073.0607494,866427144.364283,16277375,11211829.4250328,5065545.57496721,171.043203844808,2022-11-02
2021-11-03,8.79527756944444,903543792,228901.396026936,-0.204722430555556,39245782.2949456,864069108.309027,16277375,11059502.6039731,5217872.39602694,165.597976095958,2022-11-03
2021-11-04,8.782339375,903543792,365059.930107493,-0.217660625000001,41726065.2863032,861452666.783589,16277375,10923344.0698925,5354030.93010749,160.89796230712,2022-11-04
2021-11-12,1.71561701388889,497888007,31611831.446191,-0.284382986111112,54516902.3785817,411759273.175227,550940568,108683980.553809,442256587.446191,0.931041582790048,2022-11-12
2021-12-30,0.212820527777778,357592195,68482710.6607447,-0.787179472222222,150904197.991631,138205286.347625,716830358,97407079.3392553,619423278.660745,0.223119296785937,2022-12-30
2021-12-31,1.20415988888889,497888007,87103992.2937556,-0.795840111111112,152564463.295467,258219551.410777,550940568,53191819.7062444,497748748.293756,0.518774888527463,2022-12-31
2022-01-01,0.199850861111111,357592195,66331175.3810414,-0.800149138888889,153390514.283679,137870505.33528,716830358,99558614.6189587,617271743.381041,0.223354635642494,2022-01-01
2022-01-02,4.22316189583333,771426992,28872990.3157235,-0.776838104166666,148921732.86439,593632268.819886,209342130,43363368.6842765,165978761.315723,3.57655560334423,2022-01-02
2022-01-03,4.2555149375,771426992,59331289.9241283,-0.744485062500001,142719576.967825,569376125.108046,209342130,12905069.0758717,196437060.924128,2.89851681973577,2022-01-03
2022-01-19,0.219536618055555,357592195,69596841.4665462,-0.780463381944445,149616707.333184,138378646.20027,716830358,96292948.5334538,620537409.466546,0.222998072459853,2022-01-19
2022-01-22,1.20539726388889,497888007,83166560.9407957,-0.794602736111111,152327255.53208,262394190.527124,550940568,57129251.0592043,493811316.940796,0.53136528371338,2022-01-22
2022-01-30,0.164893618055556,357592195,68826615.1715764,-0.835106381944444,160091901.849598,128673677.978825,716830358,97063174.8284236,619767183.171576,0.207616152440267,2022-01-30
2022-02-03,0.161511729166667,357592195,64118349.5839953,-0.838488270833333,160740218.083041,132733627.332963,716830358,101771440.416005,615058917.583995,0.215806361859369,2022-02-03
2022-02-23,5.36325500694444,826740435,50421937.1615697,-0.636744993055556,122065546.540458,654252951.297972,137105771,4891505.83843033,132214265.16157,4.94842935819713,2022-02-23
2022-02-24,0.379751625000001,357592195,67144162.0734089,-0.620248374999999,118903105.184842,171544927.741749,716830358,98745627.9265911,618084730.073409,0.277542737095892,2022-02-24
2022-03-01,2.42183335416667,609908072,69869437.3977563,-0.578166645833333,110835936.497033,429202698.10521,410644756,42150627.6022437,368494128.397756,1.16474772602598,2022-03-01
2022-03-02,5.42006333333333,826740435,41670321.164256,-0.579936666666667,111175253.747683,673894860.088061,137105771,13643121.835744,123462649.164256,5.45828932596047,2022-03-02
2022-03-03,6.4180346875,867137744,8649156.46034476,-0.581965312499999,111564150.032826,746924437.506829,81792328,31748152.5396552,50044175.4603448,14.9253021083082,2022-03-03
2022-03-04,0.412494493055556,357592195,68428624.8291427,-0.587505506944444,112626218.631994,176537351.538863,716830358,97461165.1708573,619369192.829143,0.285027659726631,2022-03-04
2022-03-05,4.40808575,771426992,8470104.27101161,-0.59191425,113471385.278771,649485502.450217,209342130,63766254.7289884,145575875.271012,4.46149130988291,2022-03-05
2022-03-06,2.40622959027778,609908072,13918365.0804555,-0.593770409722222,113827215.561585,482162491.357959,410644756,98101699.9195445,312543056.080455,1.54270741895427,2022-03-06
2022-03-07,0.405124701388889,357592195,67206051.6372155,-0.594875298611111,114039025.418843,176347117.943941,716830358,98683738.3627845,618146619.637215,0.285283640388486,2022-03-07
2022-03-08,6.40340616666667,867137744,10611894.8692323,-0.596593833333333,114368472.658169,742157376.472599,81792328,29785414.1307677,52006913.8692323,14.270359866742,2022-03-08
2022-03-09,4.42723223611111,771426992,70035731.8244311,-0.572767763888889,109800957.843972,591590302.331597,209342130,2200627.17556892,207141502.824431,2.85597185626782,2022-03-09
2022-03-10,4.42973516666667,771426992,6304713.23040421,-0.570264833333333,109321140.036924,655801138.732672,209342130,65931645.7695958,143410484.230404,4.57289536571857,2022-03-10
2022-03-11,5.42758897916667,826740435,54795551.1426643,-0.572411020833334,109732569.342255,662212314.51508,137105771,517891.857335716,136587879.142664,4.84825094782684,2022-03-11
2022-03-14,8.441062875,903543792,9029463.43204417,-0.558937125,107149591.106286,787364737.46167,16277375,2258940.56795583,14018434.4320442,56.166381579805,2022-03-14
2022-03-15,0.439266118055556,357592195,64575274.5783514,-0.560733881944444,107494033.733736,185522886.687913,716830358,101314515.421649,615515842.578351,0.301410416847714,2022-03-15
2022-03-16,2.44040605555556,609908072,67710791.5330675,-0.559593944444444,107275504.973436,434921775.493496,410644756,44309273.4669325,366335482.533068,1.18722263125095,2022-03-16
2022-03-17,2.44856655555555,609908072,5829584.37755517,-0.551433444444445,105711117.497434,498367370.125011,410644756,106190480.622445,304454275.377555,1.63692025512528,2022-03-17
2022-03-18,2.44716647916667,609908072,47537050.0144045,-0.552833520833333,105979515.508368,456391506.477228,410644756,64483014.9855955,346161741.014405,1.31843428202031,2022-03-18
2022-03-19,3.44528055555556,699190633,71559356.3641182,-0.554719444444444,106341051.600264,521290225.035618,298624691,17723204.6358818,280901486.364118,1.85577595826565,2022-03-19
2022-03-20,5.43985679166667,826740435,15655550.2321539,-0.560143208333333,107380800.181916,703704084.58593,137105771,39657892.7678461,97447878.2321539,7.22133818972917,2022-03-20
2022-03-21,5.43366681944444,826740435,18918169.9414226,-0.566333180555556,108567432.743799,699254832.314778,137105771,36395273.0585774,100710497.941423,6.94321690993419,2022-03-21
2022-03-22,4.40492195555556,771426992,18935005.0669657,-0.595078044444444,114077892.282697,638414094.650338,209342130,53301353.9330343,156040776.066966,4.0913286305136,2022-03-22
2022-03-23,2.3951110625,609908072,2821652.40776701,-0.6048889375,115958664.076645,491127755.515588,410644756,109198412.592233,301446343.407767,1.62923772756214,2022-03-23
2022-03-24,3.43251735416667,699190633,10002401.0748562,-0.567482645833334,108787788.002013,580400443.923131,298624691,79280159.9251438,219344531.074856,2.64606754077245,2022-03-24
2022-03-25,4.45378329861111,771426992,28648327.3988165,-0.546216701388889,104711055.307417,638067609.293767,209342130,43588031.6011835,165754098.398817,3.84948315279981,2022-03-25
2022-03-26,6.46134835416667,867137744,5175304.24593654,-0.538651645833333,103260815.963458,758701623.790605,81792328,35222004.7540635,46570323.2459365,16.2915258239442,2022-03-26
2022-03-31,4.45956890972222,771426992,5930614.86121693,-0.540431090277778,103601939.743022,661894437.395761,209342130,66305744.1387831,143036385.861217,4.62745498923591,2022-03-31
2022-04-01,8.46165245833333,903543792,7938694.58633911,-0.538347541666667,103202518.463338,792402578.950323,16277375,3349709.41366089,12927665.5863391,61.2951018618295,2022-04-01
2022-04-02,7.45537304166667,892255388,5940965.59015489,-0.544626958333334,104406297.740335,781908124.66951,41395019,19176678.4098451,22218340.5901549,35.192012720157,2022-04-02
2022-04-03,6.44986802083333,867137744,39597477.1762471,-0.550131979166666,105461623.47366,722078643.350093,81792328,799831.823752928,80992496.1762471,8.91537707121391,2022-04-03
2022-04-04,6.44354421527778,867137744,18577365.2123475,-0.556455784722223,106673912.207412,741886466.58024,81792328,21819943.7876525,59972384.2123475,12.370468113347,2022-04-04
2022-04-05,6.44476838194444,867137744,16218924.4078705,-0.555231618055556,106439236.513292,744479583.078838,81792328,24178384.5921295,57613943.4078705,12.9218647265366,2022-04-05
2022-04-06,2.47797036805555,609908072,16669774.1970269,-0.522029631944445,100074335.925015,493163961.877958,410644756,95350290.802973,315294465.197027,1.56413770717409,2022-04-06
2022-04-07,3.49453597916667,699190633,16900700.3720663,-0.505464020833333,96898668.4347201,585391264.193214,298624691,72381860.6279337,226242830.372066,2.58744669711969,2022-04-07
2022-04-08,3.50173572916667,699190633,84027743.5264659,-0.498264270833333,95518459.0443214,519644430.429213,298624691,5254817.47353407,293369873.526466,1.77129445563992,2022-04-08
2022-04-09,4.50725021527778,771426992,12441158.8609637,-0.492749784722221,94461318.7944821,664524514.344554,209342130,59795200.1390363,149546929.860964,4.44358513385981,2022-04-09
2022-04-10,8.50560245138889,903543792,627662.934668144,-0.494397548611111,94777199.0948545,808138929.970477,16277375,10660741.0653319,5616633.93466814,143.883140573274,2022-04-10
2022-04-11,2.50334274305555,609908072,27324472.5336448,-0.496657256944445,95210390.6169531,487373208.849402,410644756,84695592.4663552,325949163.533645,1.49524301141241,2022-04-11
2022-04-12,2.51089780141844,609908072,56160536.7196123,-0.489102198581561,93762067.7588728,459985467.521515,410644756,55859528.2803877,354785227.719612,1.29651809484312,2022-04-12
2022-04-13,0.524950138888888,357592195,66347644.5507485,-0.475049861111112,91068200.8699161,200176349.579335,716830358,99542145.4492515,617288212.550749,0.324283447357872,2022-04-13
2022-04-14,2.52381055555556,609908072,13292098.3283643,-0.476189444444444,91286661.7356137,505329311.936022,410644756,98727966.6716357,311916789.328364,1.62007730659233,2022-04-14
2022-04-15,2.51485375,609908072,41839354.9406442,-0.48514625,93003702.9017312,475065014.157625,410644756,70180710.0593558,340464045.940644,1.39534561673054,2022-04-15
2022-04-16,2.50980826388889,609908072,53850429.0835205,-0.490191736111111,93970934.7236253,462086708.192854,410644756,58169635.9164795,352475120.08352,1.31097680903935,2022-04-16
2022-04-17,2.50420490277778,609908072,35683267.7497294,-0.495795097222222,95045112.5247089,479179691.725562,410644756,76336797.2502706,334307958.749729,1.43334814258576,2022-04-17
2022-04-18,3.52351755555556,699190633,22362696.8647051,-0.476482444444445,91342830.5402789,585485105.595016,298624691,66919864.1352949,231704826.864705,2.52685761240911,2022-04-18
2022-04-19,5.54453666666667,826740435,47295707.4955465,-0.455463333333334,87313416.3893168,692131311.115137,137105771,8017735.50445347,129088035.495547,5.36169993181912,2022-04-19
2022-04-20,5.54035159722222,826740435,31189730.8512283,-0.459648402777777,88115704.2669085,707434999.881863,137105771,24123712.1487717,112982058.851228,6.26148086762514,2022-04-20
2022-04-21,5.53858916666667,826740435,55244736.1104349,-0.461410833333334,88453566.4430542,683042132.446511,137105771,68706.8895650666,137037064.110435,4.98436052231872,2022-04-21
2022-04-22,3.53783381944444,699190633,14731999.1454188,-0.462166180555556,88598368.3221643,595860265.532417,298624691,74550561.8545812,224074129.145419,2.6592104488141,2022-04-22
2022-04-23,0.535202083333333,357592195,63901092.7117291,-0.464797916666667,89102878.4639896,204588223.824281,716830358,101988697.288271,614841660.711729,0.332749449000339,2022-04-23
2022-04-24,1.53241631944444,497888007,92060255.9481556,-0.467583680555556,89636916.1012519,316190834.950593,550940568,48235556.0518444,502705011.948156,0.628978879134791,2022-04-24
2022-04-25,1.52659715277778,497888007,59088279.9471593,-0.473402847222221,90752464.3463474,348047262.706493,550940568,81207532.0528407,469733035.947159,0.740946955124624,2022-04-25
2022-04-26,1.52504027777778,497888007,14604498.5075174,-0.474959722222222,91050921.0281318,392232587.464351,550940568,125691313.492483,425249254.507517,0.922359259438553,2022-04-26
2022-04-27,3.51727548611111,699190633,7677515.44182973,-0.482724513888888,92539450.2649557,598973667.293215,298624691,81605045.5581703,217019645.44183,2.75999744665404,2022-04-27
2022-04-28,3.50615310416667,699190633,13718262.5955753,-0.493846895833334,94671637.6330346,590800732.77139,298624691,75564298.4044247,223060392.595575,2.64861334590473,2022-04-28
2022-04-29,3.49627922222222,699190633,8598789.01801197,-0.503720777777778,96564484.5484705,594027359.433518,298624691,80683771.981988,217940919.018012,2.72563482851251,2022-04-29
2022-04-30,3.49709792361111,699190633,8900937.17777478,-0.502902076388889,96407537.5232437,593882158.298982,298624691,80381623.8222252,218243067.177775,2.72119598564486,2022-04-30
2022-05-01,3.49963069444444,699190633,3194292.44065844,-0.500369305555555,95921999.2631798,600074341.296162,298624691,86088268.5593416,212536422.440658,2.82339532398832,2022-05-01
2022-05-02,4.49839880851064,771426992,71804725.5472795,-0.501601191489362,96158154.7593762,603464111.693344,209342130,431633.45272054,208910496.547279,2.88862513692208,2022-05-02
2022-05-03,3.49464819444444,699190633,8855626.25055008,-0.505351805555556,96877156.4960924,593457850.253358,298624691,80426934.7494499,218197756.25055,2.71981646581144,2022-05-03
2022-05-04,3.49443970138889,699190633,25043109.2932458,-0.505560298611112,96917125.1162683,577230398.590486,298624691,64239451.7067542,234385239.293246,2.46274210923452,2022-05-04
2022-05-05,3.48687758333333,699190633,27842706.2362507,-0.513122416666667,98366801.3344121,572981125.429337,298624691,61439854.7637493,237184836.236251,2.41575783056642,2022-05-05
2022-05-06,2.49162739583333,609908072,73106033.5707662,-0.508372604166667,97456250.854863,439345787.574371,410644756,38914031.4292338,371730724.570766,1.18189258658046,2022-05-06
2022-05-07,2.52495590277778,609908072,24586909.6167256,-0.475044097222222,91067095.9185538,494254066.464721,410644756,87433155.3832745,323211600.616726,1.52919655582172,2022-05-07
2022-05-08,3.52827618055556,699190633,71498710.6113272,-0.471723819444444,90430590.6832856,537261331.705387,298624691,17783850.3886728,280840840.611327,1.91304559029196,2022-05-08
2022-05-09,3.49235208510638,699190633,16473224.793034,-0.507647914893617,97317326.1783417,585400082.028624,298624691,72809336.206966,225815354.793034,2.59238386408736,2022-05-09
2022-05-10,3.46038900694444,699190633,22464350.046424,-0.539610993055556,103444725.133188,573281557.820388,298624691,66818210.953576,231806480.046424,2.4731041069498,2022-05-10
2022-05-11,3.45109365277778,699190633,49626624.1814784,-0.548906347222223,105226666.882265,544337341.936256,298624691,39655936.8185216,258968754.181478,2.10194215768131,2022-05-11
2022-05-12,3.44821032374101,699190633,64465085.6022383,-0.551789676258993,105779407.99302,528946139.404741,298624691,24817475.3977617,273807215.602238,1.9318195769287,2022-05-12
2022-05-13,3.45592341666667,699190633,50082703.5638794,-0.544076583333334,104300789.529183,544807139.906938,298624691,39199857.4361206,259424833.563879,2.10005777944457,2022-05-13
2022-05-14,2.45540677777778,609908072,3116278.32746204,-0.544593222222222,104399830.446699,502391963.225839,410644756,108903786.672538,301740969.327462,1.66497762748492,2022-05-14
2022-05-15,1.45514045138889,497888007,7810705.00924504,-0.544859548611111,104450885.855964,385626416.134791,550940568,132485106.990755,418455461.009245,0.921547098954626,2022-05-15
2022-05-16,2.45051131944444,609908072,107562932.100649,-0.549488680555555,105338301.582777,397006838.316574,410644756,4457132.89935101,406187623.100649,0.977397674714968,2022-05-16
2022-05-17,2.43880771527778,609908072,32379140.0122522,-0.561192284722223,107581910.648695,469947021.339053,410644756,79640924.9877478,331003831.012252,1.41976308824552,2022-05-17
2022-05-18,2.42546018055556,609908072,45099405.4933585,-0.574539819444444,110140665.155766,454668001.350876,410644756,66920659.5066415,343724096.493358,1.32277022760219,2022-05-18
2022-05-19,2.40612727083333,609908072,38102590.9248097,-0.593872729166666,113846830.445164,457958650.630027,410644756,73917474.0751903,336727281.92481,1.36002835295148,2022-05-19
2022-05-20,2.355029375,609908072,45250104.1158101,-0.644970624999999,123642419.966853,441015547.917337,410644756,66769960.8841899,343874795.11581,1.28248872607488,2022-05-20
2022-05-21,2.29912810416667,609908072,55685396.1664317,-0.700871895833334,134358828.02816,419863847.805409,410644756,56334668.8335683,354310087.166432,1.18501804778757,2022-05-21
2022-05-22,2.25225992361111,609908072,85840035.974307,-0.747740076388888,143343570.958634,380724465.067059,410644756,26180029.0256931,384464726.974307,0.990271508294966,2022-05-22
2022-05-23,2.22222595714286,609908072,30571325.7845982,-0.777774042857143,149101154.562287,430235591.653115,410644756,81448739.2154018,329196016.784598,1.30692830325049,2022-05-23
2022-05-24,3.31828916666667,699190633,64655357.033682,-0.681710833333334,130685606.264554,503849669.701764,298624691,24627203.966318,273997487.033682,1.83888427283213,2022-05-24
2022-05-25,3.32288450694444,699190633,37988110.3157435,-0.677115493055556,129804668.481511,531397854.202746,298624691,51294450.6842565,247330240.315744,2.14853571291711,2022-05-25
2022-05-26,3.29782886805556,699190633,27152755.2830223,-0.702171131944445,134607894.715322,537429983.001655,298624691,62129805.7169777,236494885.283022,2.2724803640404,2022-05-26
2022-05-27,3.32168344444444,699190633,22162059.4366752,-0.678316555555556,130034915.051316,546993658.512009,298624691,67120501.5633248,231504189.436675,2.3627808198332,2022-05-27
2022-05-28,3.33636223611111,699190633,26654158.8226383,-0.66363776388889,127220955.386322,545315518.791039,298624691,62628402.1773617,235996288.822638,2.31069531436941,2022-05-28
2022-05-29,3.31337322916667,699190633,22008743.749285,-0.686626770833334,131628003.306134,545553885.944581,298624691,67273817.250715,231350873.749285,2.35812330035026,2022-05-29
2022-05-30,3.27849765972222,699190633,21380670.3592752,-0.721502340277778,138313733.844379,539496228.796346,298624691,67901890.6407249,230722800.359275,2.33828745124564,2022-05-30
2022-05-31,3.23793345138889,699190633,23432476.4196697,-0.762066548611111,146089990.138799,529668166.441531,298624691,65850084.5803303,232774606.41967,2.27545510478317,2022-05-31
2022-06-01,3.19455340972222,699190633,25709541.2001601,-0.805446590277779,154406048.4553,519075043.34454,298624691,63573019.7998399,235051671.20016,2.2083444065476,2022-06-01
2022-06-02,3.14878853472222,699190633,27960724.5267372,-0.851211465277778,163179285.057324,508050623.415939,298624691,61321836.4732628,237302854.526737,2.14093768247822,2022-06-02
2022-06-03,3.09883994444444,699190633,39596559.5616967,-0.901160055555556,172754549.939934,486839523.49837,298624691,49686001.4383033,248938689.561697,1.95566034494494,2022-06-03
2022-06-04,3.04568320138889,699190633,36759397.6482245,-0.954316798611112,182944825.425651,479486409.926125,298624691,52523163.3517755,246101527.648225,1.94832764553781,2022-06-04
2022-06-05,2.99193882638889,507488228,53204173.3468567,-0.00806117361111092,1337266.39750073,452946788.255643,298624691,36078387.6531433,262546303.346857,1.72520725861161,2022-06-05
2022-06-06,2.9392293511396,507488228,64271788.2676424,-0.0607706488603981,10081230.1776152,433135209.554742,298624691,25010772.7323576,273613918.267642,1.58301599676322,2022-06-06
2022-06-07,2.88828244444444,507488228,70918644.3280017,-0.111717555555556,18532801.8304245,418036781.841574,298624691,18363916.6719983,280260774.328002,1.49159932510686,2022-06-07
2022-06-08,2.842101125,507488228,75010378.6600295,-0.157898875000001,26193811.2149864,406284038.124984,298624691,14272182.3399705,284352508.660029,1.42880412780439,2022-06-08
2022-06-09,2.79626778472222,507488228,52357201.0778928,-0.203732215277778,33797094.4086654,421333932.513442,298624691,36925359.9221072,261699331.077893,1.60999239385918,2022-06-09
2022-06-10,2.73778936111111,507488228,35442438.2924707,-0.262210638888888,43498067.8210435,428547721.886486,298624691,53840122.7075293,244784568.292471,1.75071380061203,2022-06-10
2022-06-11,2.6805401875,507488228,32588626.1394329,-0.3194598125,52995121.2090644,421904480.651503,298624691,56693934.8605671,241930756.139433,1.74390593153169,2022-06-11
2022-06-12,2.62766940277778,507488228,23319812.3786908,-0.372330597222222,61765844.5837689,422402571.03754,298624691,65962748.6213092,232661942.378691,1.81552069375411,2022-06-12
2022-06-13,2.57561623611111,507488228,38778137.0928501,-0.424383763888889,70400933.4709373,398309157.436213,298624691,50504423.9071499,248120267.09285,1.60530682198226,2022-06-13
2022-06-14,2.53559705555556,507488228,55038985.992585,-0.464402944444444,77039706.9292705,375409535.078144,298624691,34243575.007415,264381115.992585,1.41995593622002,2022-06-14
2022-06-15,2.47826188194444,507488228,39374115.8225082,-0.521738118055556,86551026.8392313,381563085.33826,298624691,49908445.1774918,248716245.822508,1.53413012518111,2022-06-15
2022-06-16,2.42009703472222,507488228,45835096.1703736,-0.579902965277778,96199981.1303079,365453150.699319,298624691,43447464.8296264,255177226.170374,1.43215425680393,2022-06-16
2022-06-17,2.38936353472222,507488228,85001958.0461054,-0.610636465277778,101298354.991273,321187914.962622,298624691,4280602.95389458,294344088.046105,1.09119879762053,2022-06-17
2022-06-18,2.32714220138889,507488228,19495051.459502,-0.672857798611112,111620238.91146,376372937.629038,298624691,69787509.540498,228837181.459502,1.64471933812752,2022-06-18
2022-06-19,2.2605546875,507488228,8050611.41205232,-0.739445312499999,122666427.607109,376771188.980838,298624691,81231949.5879477,217392741.412052,1.73313601242415,2022-06-19
2022-06-20,2.19502623913043,507488228,8842870.71068994,-0.804973760869565,133536928.146162,365108429.143148,298624691,80439690.2893101,218185000.71069,1.67338922452912,2022-06-20
2022-06-21,2.13118105555556,507488228,6797771.24415043,-0.868818944444444,144128192.24191,356562264.513939,298624691,82484789.7558496,216139901.24415,1.6496827400285,2022-06-21
2022-06-22,2.06694361111111,507488228,1996647.00349879,-0.93305638888889,154784528.410936,350707052.585565,298624691,87285913.9965012,211338777.003499,1.65945434888061,2022-06-22
2022-06-23,2.00559775694444,507488228,15462205.6570886,-0.994402243055555,164961179.276015,327064843.066896,298624691,73820355.3429114,224804335.657089,1.45488672231746,2022-06-23
2022-06-24,1.93957231944444,341598438,8679230.7936268,-0.0604276805555557,8477750.5108183,324441456.695555,298624691,80603330.2063732,218021360.793627,1.48811774917166,2022-06-24
2022-06-25,1.87447746885246,341598438,21385816.4464576,-0.12552253114754,17610285.4316395,302602336.121903,298624691,67896744.5535424,230727946.446458,1.31151141759121,2022-06-25
2022-06-26,1.81061136111111,341598438,34579811.4735637,-0.189388638888889,26570432.8764915,280448193.649945,298624691,54702749.5264363,243921941.473564,1.14974566025394,2022-06-26
2022-06-27,1.75171897916667,341598438,5307223.18271487,-0.248281020833334,34832787.4220015,301458427.395284,298624691,83975337.8172851,214649353.182715,1.40442271511843,2022-06-27
2022-06-28,1.69098011111111,341598438,14242344.2722917,-0.309019888888889,43354196.2358164,284001897.491892,298624691,75040216.7277083,223584474.272292,1.27022190792202,2022-06-28
2022-06-29,1.63037285416667,341598438,3041771.92446192,-0.369627145833334,51857140.56193,286699525.513608,298624691,86240789.0755381,212383901.924462,1.34991175374289,2022-06-29
2022-06-30,1.57190193055555,341598438,16899737.8304776,-0.428098069444445,60060366.2683408,264638333.901182,298624691,72382823.1695224,226241867.830478,1.16971423741725,2022-06-30
2022-07-01,1.52079690277778,341598438,30979495.4507274,-0.479203097222221,67230187.6377065,243388754.911566,298624691,58303065.5492726,240321625.450727,1.01276260284561,2022-07-01
2022-07-02,1.51234350694445,341598438,65995937.5348132,-0.487656493055555,68416163.6703014,207186336.794885,298624691,23286623.4651868,275338067.534813,0.752479810183491,2022-07-02
2022-07-03,1.51489763194444,341598438,68290439.2109352,-0.485102368055555,68057830.629477,205250168.159588,298624691,20992121.7890648,277632569.210935,0.739287068310945,2022-07-03
2022-07-04,0.502540902777778,252315877,33890651.5943253,-0.497459097222222,69791427.9815786,148633797.424096,410644756,78129413.4056747,332515342.594325,0.446998313715202,2022-07-04
2022-07-05,1.50401925,341598438,27778609.7439294,-0.495980749999999,69584022.0576189,244235806.198452,298624691,61503951.2560706,237120739.743929,1.03000609083038,2022-07-05
2022-07-06,1.51819230555556,341598438,9789277.43128873,-0.481807694444445,67595601.7199313,264213558.84878,298624691,79493283.5687113,219131407.431289,1.20573112702535,2022-07-06
2022-07-07,1.52125339583333,341598438,15386003.2035732,-0.478746604166666,67166143.573805,259046291.222622,298624691,73896557.7964268,224728133.203573,1.15270966536246,2022-07-07
2022-07-08,1.51572081944444,341598438,15904954.287669,-0.484279180555555,67942340.8707362,257751142.841595,298624691,73377606.712331,225247084.287669,1.14430401466336,2022-07-08
2022-07-09,1.52402273611111,341598438,14283908.8779855,-0.47597726388889,66777616.7308301,260536912.391184,298624691,74998652.1220145,223626038.877985,1.16505624165412,2022-07-09
2022-07-10,1.54680249305556,341598438,5745158.84171865,-0.453197506944445,63581712.2331465,272271566.925135,298624691,83537402.1582814,215087288.841719,1.26586544649553,2022-07-10
2022-07-11,1.54832693055556,341598438,5531647.99174172,-0.451673069444444,63367840.0362407,272698949.972018,298624691,83750913.0082583,214873777.991742,1.2691122784768,2022-07-11
2022-07-12,1.54022382638889,341598438,4140918.21813836,-0.459776173611111,64504671.6150238,272952848.166838,298624691,85141642.7818616,213483048.218138,1.27856919059884,2022-07-12
2022-07-13,1.55255977777778,341598438,16059393.793567,-0.447440222222221,62773989.298127,262765054.908306,298624691,73223167.206433,225401523.793567,1.16576432353207,2022-07-13
2022-07-14,1.54887811805555,341598438,12239382.3863475,-0.451121881944445,63290510.7383641,266068544.875288,298624691,77043178.6136525,221581512.386348,1.20077050657265,2022-07-14
2022-07-15,1.54595584782609,341598438,13620497.2576857,-0.454044152173912,63700493.0130906,264277447.729224,298624691,75662063.7423143,222962627.257686,1.18529930768975,2022-07-15
2022-07-16,1.53455950694445,341598438,18975770.3202637,-0.465440493055555,65299351.9109094,257323315.768827,298624691,70306790.6797363,228317900.320264,1.12703960314928,2022-07-16
2022-07-17,1.52926761805556,341598438,10492096.2940074,-0.470732381944444,66041781.7595899,265064559.946403,298624691,78790464.7059925,219834226.294007,1.20574745986962,2022-07-17
2022-07-18,1.52351509722222,341598438,4957655.253307,-0.476484902777777,66848836.3409493,269791946.405744,298624691,84324905.746693,214299785.253307,1.2589464151205,2022-07-18
2022-07-19,1.51752051388889,341598438,10168361.3371466,-0.482479486111112,67689851.2773012,263740225.385552,298624691,79114199.6628534,219510491.337147,1.20149257458712,2022-07-19
2022-07-20,1.50352244444444,341598438,7272387.09730322,-0.496477555555556,69653721.7964418,264672329.106255,298624691,82010173.9026968,216614517.097303,1.22185868543318,2022-07-20
2022-07-21,1.49020589583333,341598438,13531919.5570754,-0.509794104166666,71521977.796875,256544540.64605,298624691,75750641.4429246,222874049.557075,1.15107407594508,2022-07-21
2022-07-22,1.47447557638889,341598438,15155261.5844021,-0.525524423611111,73728875.7363528,252714300.679245,298624691,74127299.4155979,224497391.584402,1.12568925142382,2022-07-22
2022-07-23,1.45820079861111,341598438,14676843.9151019,-0.541799201388889,76012158.8998057,250909435.185092,298624691,74605717.0848981,224018973.915102,1.12003653440615,2022-07-23
2022-07-24,1.44114665972222,341598438,10853418.8555664,-0.558853340277778,78404783.1631832,252340235.98125,298624691,78429142.1444336,220195548.855566,1.14598245646995,2022-07-24
2022-07-25,1.42888386111111,341598438,5438234.05913434,-0.57111613888889,80125202.4517215,256035001.489144,298624691,83844326.9408657,214780364.059134,1.19207825450306,2022-07-25
2022-07-26,2.42031354861111,413834797,69742198.0913026,-0.57968645138889,81327581.4030028,262765017.505695,209342130,2494160.9086974,206847969.091303,1.27032921164293,2022-07-26
2022-07-27,2.41577851388889,413834797,64363081.5190896,-0.584221486111112,81963827.7818051,267507887.699105,209342130,7873277.48091041,201468852.51909,1.32778781610303,2022-07-27
2022-07-28,2.40680144444444,413834797,52619319.5223455,-0.593198555555556,83223273.0288939,277992204.448761,209342130,19617039.4776545,189725090.522345,1.46523690505774,2022-07-28
2022-07-29,2.39453759722222,413834797,51166476.4981716,-0.605462402777778,84943839.4331795,277724481.068649,209342130,21069882.5018284,188272247.498172,1.47512171740206,2022-07-29
2022-07-30,2.37822336111111,413834797,58776836.9784909,-0.621776638888889,87232658.4355475,267825301.585962,209342130,13459522.0215091,195882607.978491,1.3672745342219,2022-07-30
2022-07-31,2.37580634722222,413834797,35431795.2852168,-0.624193652777778,87571755.3617045,290831246.353079,209342130,36804563.7147832,172537566.285217,1.6856111548039,2022-07-31
2022-08-01,2.41242707638889,413834797,33140753.278805,-0.587572923611111,82434020.4272348,298260023.29396,209342130,39095605.721195,170246524.278805,1.75193017629842,2022-08-01
2022-08-02,2.40121843055556,413834797,37878283.8719512,-0.598781569444444,84006546.4958427,291949966.632206,209342130,34358075.1280488,174984054.871951,1.66843754332843,2022-08-02
2022-08-03,2.38637369444444,413834797,32987766.6305974,-0.613626305555556,86089200.8024768,294757829.566926,209342130,39248592.3694026,170093537.630597,1.7329160982416,2022-08-03
2022-08-04,2.37460377777778,413834797,35982497.7206825,-0.625396222222221,87740470.818399,290111828.460919,209342130,36253861.2793175,173088268.720683,1.67609180336237,2022-08-04
2022-08-05,2.37085714583333,413834797,33350624.3668704,-0.629142854166666,88266107.58931,292218065.04382,209342130,38885734.6331296,170456395.36687,1.71432737630573,2022-08-05
2022-08-06,2.41585397916667,413834797,28425224.772158,-0.584146020833334,81953240.3193815,303456331.908461,209342130,43811134.227842,165530995.772158,1.83322966489096,2022-08-06
2022-08-07,2.41240548611111,413834797,25223897.3532722,-0.587594513888888,82437049.4527868,306173850.193941,209342130,47012461.6467278,162329668.353272,1.88612379548282,2022-08-07
2022-08-08,2.40053324305556,413834797,27735333.3359646,-0.599466756944445,84102675.4325275,301996788.231508,209342130,44501025.6640354,164841104.335965,1.83204783447704,2022-08-08
2022-08-09,2.39414124305556,413834797,28651238.6534771,-0.605858756944444,84999446.2628315,300184112.083691,209342130,43585120.3465229,165757009.653477,1.8109889452714,2022-08-09
2022-08-10,2.40830916666667,413834797,32511584.9811948,-0.591690833333333,83011745.9154566,298311466.103349,209342130,39724774.0188052,169617355.981195,1.75873196688918,2022-08-10
2022-08-11,2.40432347916667,413834797,18694131.2383673,-0.595676520833333,83570921.1796474,311569744.581985,209342130,53542227.7616327,155799902.238367,1.99980706088825,2022-08-11
2022-08-12,2.39021292361111,413834797,18698386.4580106,-0.609787076388889,85550573.0290852,309585837.512904,209342130,53537972.5419894,155804157.458011,1.98701910503472,2022-08-12
2022-08-13,2.37456347222222,413834797,12598399.5123066,-0.625436527777778,87746125.5190439,313490271.96865,209342130,59637959.4876934,149704170.512307,2.09406505440594,2022-08-13
2022-08-14,2.36090010416667,413834797,9489640.52704842,-0.639099895833333,89663038.8350528,314682117.637899,209342130,62746718.4729516,146595411.527048,2.14660277808106,2022-08-14
2022-08-15,2.40633772222222,413834797,9226833.42196939,-0.593662277777778,83288331.3146029,321319632.263428,209342130,63009525.5780306,146332604.421969,2.19581708077074,2022-08-15
2022-08-16,2.428802,413834797,7355792.4507081,-0.571198000000001,80136687.2227761,326342317.326516,209342130,64880566.5492919,144461563.450708,2.25902523502639,2022-08-16
2022-08-17,2.42124486111111,413834797,5826342.95209631,-0.578755138888889,81196922.1595895,326811531.888314,209342130,66410016.0479037,142932113.952096,2.28648078344273,2022-08-17
2022-08-18,2.41077466666667,413834797,4482079.78656785,-0.589225333333333,82665846.5909707,326686870.622461,209342130,67754279.2134321,141587850.786568,2.30730863423385,2022-08-18
2022-08-19,2.39984815972222,413834797,3111186.13590471,-0.600151840277778,84198789.7550652,326524821.10903,209342130,69125172.8640953,140216957.135905,2.32871136115546,2022-08-19
2022-08-20,2.38791202777778,413834797,2034845.85051452,-0.612087972222222,85873379.07835,325926572.071135,209342130,70201513.1494855,139140616.850515,2.34242580957718,2022-08-20
2022-08-21,2.38812668055555,413834797,1752674.22591958,-0.611873319444445,85843264.1925938,326238858.581487,209342130,70483684.7740804,138858445.22592,2.34943476466774,2022-08-21
2022-08-22,2.391114125,413834797,2123579.05541541,-0.608885875,85424138.2484556,326287079.696129,209342130,70112779.9445846,139229350.055415,2.34352224991542,2022-08-22
2022-08-23,2.37769163194444,413834797,2727898.70223754,-0.622308368055556,87307257.8107491,323799640.487013,209342130,69508460.2977625,139833669.702238,2.31560568478617,2022-08-23
2022-08-24,3.36376674305555,469148240,50088908.1248931,-0.636233256944445,89260861.4044256,329798470.470681,137105771,5224534.87510687,131881236.124893,2.50072322766491,2022-08-24
2022-08-25,3.35145149305556,469148240,52292545.8608503,-0.648548506944444,90988639.4031584,325867054.735991,137105771,3020897.13914972,134084873.86085,2.43030436881469,2022-08-25
2022-08-26,2.34324023611111,413834797,9169726.79704418,-0.656759763888889,92140644.36372,312524425.839236,209342130,63066632.2029558,146275497.797044,2.13654665713639,2022-08-26
2022-08-27,2.32798302777778,413834797,15012526.1945657,-0.672016972222222,94281166.7956981,304541104.009736,209342130,57223832.8054343,152118297.194566,2.00200179482824,2022-08-27
2022-08-28,2.31310351388889,413834797,14375605.5272005,-0.686896486111111,96368700.2789051,303090491.193894,209342130,57860753.4727995,151481376.5272,2.00084325969582,2022-08-28
2022-08-29,2.29797390972222,413834797,14814389.2545768,-0.702026090277778,98491320.3807062,300529087.364717,209342130,57421969.7454232,151920160.254577,1.97820412288344,2022-08-29
2022-08-30,2.28492265277778,413834797,27150669.8748217,-0.715077347222222,100322357.071348,286361770.053831,209342130,45085689.1251783,164256440.874822,1.74338229008666,2022-08-30
2022-08-31,2.26833359027778,413834797,7951032.33492528,-0.731666409722223,102649733.065104,303234031.599971,209342130,64285326.6650747,145056803.334925,2.09045025554455,2022-08-31
2022-09-01,3.24838785416667,469148240,52227487.623722,-0.751612145833333,105448036.30875,311472716.067528,137105771,3085955.37627795,134019815.623722,2.32407957448642,2022-09-01
2022-09-02,3.23097424305556,469148240,52030129.76069,-0.769025756944444,107891093.019435,309227017.219875,137105771,3283313.23931002,133822457.76069,2.31072588558233,2022-09-02
2022-09-03,2.21440474305555,413834797,3530493.90165591,-0.785595256944445,110215724.47637,300088578.621975,209342130,68705865.0983441,140636264.901656,2.13379229626029,2022-09-03
2022-09-04,3.21529301388889,469148240,51532746.306332,-0.784706986111111,110091103.798531,307524389.895137,137105771,3780696.69366796,133325074.306332,2.30657579975211,2022-09-04
2022-09-05,3.30435855725191,469148240,45291542.8679228,-0.695641442748091,97595581.0711949,326261116.060882,137105771,10021900.1320772,127083870.867923,2.5672897263254,2022-09-05
2022-09-06,3.36410565972222,469148240,49750048.9859345,-0.635894340277778,89213312.8154752,330184878.19859,137105771,5563394.01406547,131542376.985935,2.51010271947493,2022-09-06
2022-09-07,3.35800172222222,469148240,42868693.2060076,-0.641998277777777,90069669.6834348,336209877.110558,137105771,12444749.7939924,124661021.206008,2.69699280382885,2022-09-07
2022-09-08,3.40321774305556,469148240,45704731.1766207,-0.596782256944444,83726051.3252134,339717457.498166,137105771,9608711.82337931,127497059.176621,2.66451210476595,2022-09-08
2022-09-09,3.41856031944445,469148240,48572046.8867471,-0.581439680555555,81573552.1125621,339002641.000691,137105771,6741396.11325285,130364374.886747,2.60042393710088,2022-09-09
2022-09-10,3.42298727777778,469148240,30324809.8400587,-0.577012722222221,80952468.398497,357870961.761444,137105771,24988633.1599413,112117137.840059,3.19193808061678,2022-09-10
2022-09-11,3.46096110416667,469148240,23973789.9058078,-0.539038895833333,75624899.5905208,369549550.503671,137105771,31339653.0941922,105766117.905808,3.49402585460101,2022-09-11
2022-09-12,3.46531720833333,469148240,23065636.2005865,-0.534682791666667,75013756.4193018,371068847.380112,137105771,32247806.7994135,104857964.200586,3.53877600246254,2022-09-12
2022-09-13,3.47007609027778,469148240,21398409.7912271,-0.529923909722221,74346105.2126937,373403724.996079,137105771,33915033.2087729,103190737.791227,3.61857791686246,2022-09-13
2022-09-14,3.46140841666667,469148240,16292219.4991849,-0.538591583333334,75562143.5201157,377293876.980699,137105771,39021223.5008151,98084547.4991849,3.84661892826528,2022-09-14
2022-09-15,3.45217684027778,469148240,14358680.307118,-0.547823159722222,76857295.0256349,377932264.667247,137105771,40954762.692882,96151008.307118,3.93061155906015,2022-09-15
2022-09-16,3.44294238888889,469148240,13414860.960428,-0.557057611111111,78152849.8816135,377580529.157959,137105771,41898582.039572,95207188.960428,3.96588254816447,2022-09-16
2022-09-17,3.43274652083333,469148240,12381471.3120413,-0.567253479166666,79583287.4695125,377183481.218446,137105771,42931971.6879587,94173799.3120413,4.00518492376699,2022-09-17
2022-09-18,3.42144961111111,469148240,16048312.5260723,-0.578550388888889,81168196.5920825,371931730.881845,137105771,39265130.4739277,97840640.5260723,3.8014032704818,2022-09-18
2022-09-19,3.40185026086957,469148240,15490357.4985495,-0.598149739130434,83917903.3488925,369739979.152558,137105771,39823085.5014505,97282685.4985495,3.8006761147447,2022-09-19
2022-09-20,3.3846860625,469148240,16429558.5932372,-0.6153139375,86325968.4964797,366392712.910283,137105771,38883884.4067628,98221886.5932372,3.73025529867505,2022-09-20
2022-09-21,3.37129620833333,469148240,15371948.641055,-0.628703791666666,88204508.9593538,365571782.399591,137105771,39941494.358945,97164276.641055,3.76240934464103,2022-09-21
2022-09-22,3.35741815277778,469148240,11777110.7189361,-0.642581847222223,90151542.0325017,367219587.248562,137105771,43536332.2810639,93569438.7189361,3.92456759681563,2022-09-22
2022-09-23,3.34030595833333,469148240,8138732.57547861,-0.659694041666667,92552311.2471868,368457196.177335,137105771,47174710.4245214,89931060.5754786,4.0971072043356,2022-09-23
2022-09-24,3.32351745833333,469148240,5712482.6856495,-0.676482541666667,94907667.4869489,368528089.827402,137105771,49600960.3143505,87504810.6856495,4.21151805186225,2022-09-24
2022-09-25,3.31433239583333,469148240,3995852.03115205,-0.685667604166667,96196293.2886572,368956094.680191,137105771,51317590.9688479,85788180.0311521,4.30078006720987,2022-09-25
2022-09-26,3.30844146527778,469148240,2153479.8433146,-0.691558534722223,97022766.1743844,369971993.982301,137105771,53159963.1566854,83945807.8433146,4.40727182794948,2022-09-26
2022-09-27,3.29335531944444,469148240,5448715.26356945,-0.706644680555556,99139289.2540223,364560235.482408,137105771,49864727.7364305,87241043.2635694,4.17876978363283,2022-09-27
2022-09-28,3.27700895833333,469148240,212152.634505153,-0.722991041666667,101432615.259351,367503472.106144,137105771,55101290.3654948,82004480.6345052,4.48150478196564,2022-09-28
2022-09-29,4.25973973611111,509545549,33838390.9381792,-0.740260263888889,103855414.813626,371851743.248195,81792328,6558918.06182079,75233409.9381792,4.94264108929467,2022-09-29
2022-09-30,4.25130121527778,509545549,8928942.6464344,-0.748698784722222,105039303.946017,395577302.407548,81792328,31468366.3535656,50323961.6464344,7.86061529071959,2022-09-30
2022-10-01,4.38807103472222,509545549,6751006.62526617,-0.611928965277778,85851071.0699657,416943471.304768,81792328,33646302.3747338,48146025.6252662,8.65997693246696,2022-10-01
2022-10-02,4.44401234027778,509545549,3433674.68190514,-0.555987659722222,78002740.1827088,428109134.135386,81792328,36963634.3180949,44828693.6819051,9.54989090632793,2022-10-02
2022-10-03,4.45461017361111,509545549,5700.60576259186,-0.545389826388888,76515908.5497681,433023939.844469,81792328,40391608.3942374,41400719.6057626,10.4593336533261,2022-10-03
2022-10-04,5.4533051875,534663193,22638379.5665605,-0.5466948125,76698992.6358753,435325820.797564,41395019,2479264.43343954,38915754.5665605,11.1863646393646,2022-10-04
2022-10-05,5.44761363194444,534663193,2190127.89419964,-0.552386368055556,77497494.0440851,454975571.061715,41395019,22927516.1058004,18467502.8941996,24.6365506841001,2022-10-05
2022-10-06,5.44166067361111,534663193,2266003.52387269,-0.558339326388889,78332669.1672623,454064520.308865,41395019,22851640.4761273,18543378.5238727,24.4866122818074,2022-10-06
2022-10-07,5.43559741666667,534663193,1455925.46183837,-0.564402583333333,79183318.7236476,454023948.814514,41395019,23661718.5381616,17733300.4618384,25.6029017154231,2022-10-07
2022-10-08,5.42630121527778,534663193,818868.103834514,-0.573698784722222,80487536.8460173,453356788.050148,41395019,24298775.8961655,17096243.1038345,26.5179188957874,2022-10-08
2022-10-09,5.41638136111111,534663193,490364.626399748,-0.58361863888889,81879250.8412516,452293577.532349,41395019,24627279.3736003,16767739.6263997,26.974033925255,2022-10-09
2022-10-10,6.40798631944445,545951597,11084533.3326389,-0.592013680555555,83057040.0286502,451810023.638711,16277375,203870.66736108,16073504.3326389,28.1089931783739,2022-10-10
2022-10-11,6.40363107913669,545951597,10040593.887531,-0.596368920863309,83668062.0040817,452242941.108387,16277375,1247810.11246895,15029564.887531,30.0902218056612,2022-10-11
2022-10-12,6.401678625,545951597,9368268.16576674,-0.598321374999999,83941983.1425814,452641345.691652,16277375,1920135.83423326,14357239.1657667,31.5270464234465,2022-10-12
2022-10-13,6.40861803472222,545951597,6527330.66828651,-0.591381965277778,82968413.0208016,456455853.310912,16277375,4761073.33171349,11516301.6682865,39.6356283864894,2022-10-13
2022-10-14,6.4024723125,545951597,310118.562314255,-0.5975276875,83830632.1102947,461810846.327391,16277375,10978285.4376857,5299089.56231426,87.1490924802761,2022-10-14
2022-10-15,6.39643393055556,545951597,241954.867419063,-0.603566069444444,84677791.8083566,461031850.324224,16277375,11046449.1325809,5230925.86741906,88.1358027258179,2022-10-15
2022-10-16,6.39217929166667,545951597,193926.784767164,-0.607820708333334,85274699.8260402,460482970.389193,16277375,11094477.2152328,5182897.78476716,88.8466239374002,2022-10-16
2022-10-17,6.40458315277778,545951597,333946.580149287,-0.595416847222221,83534490.0595215,462083160.360329,16277375,10954457.4198507,5322917.58014929,86.8101287315761,2022-10-17
2022-10-18,6.39219261111111,545951597,194077.140037117,-0.607807388888888,85272831.1637664,460484688.696197,16277375,11094326.8599629,5183048.14003712,88.8443781062198,2022-10-18
2022-10-20,6.37430550694445,545951597,274370.381813707,-0.625694493055555,87782316.9671574,457894909.651029,16277375,11014033.6181863,5263341.38181371,86.9969998969061,2022-10-20
2022-10-21,6.36486580555556,545951597,9427520.10306665,-0.635134194444444,89106667.5385491,447417409.358384,16277375,1860883.89693335,14416491.1030666,31.0351115371764,2022-10-21
2022-10-22,2.35684652083333,413834797,21454255.3989486,-0.643153479166667,90231739.6003127,302148802.000739,209342130,50782103.6010514,158560026.398949,1.90557991735263,2022-10-22
2022-10-23,1.35066140972222,341598438,54213494.3069376,-0.649338590277777,91099484.785956,196285458.907106,298624691,35069066.6930624,263555624.306938,0.744759135470058,2022-10-23
2022-10-24,0.347861378571428,252315877,33366450.988561,-0.652138621428572,91492317.429882,127457108.581557,410644756,78653614.011439,331991141.988561,0.383917196760474,2022-10-24
2022-10-25,0.345994493055555,252315877,33157322.3517253,-0.654005506944445,91754233.6492426,127404320.999032,410644756,78862742.6482747,331782013.351725,0.384000084006874,2022-10-25
2022-10-26,1.34489128472222,341598438,953733.912334458,-0.655108715277779,91909009.1581728,248735694.929493,298624691,88328827.0876655,210295863.912334,1.18278928696944,2022-10-26
2022-10-27,2.34068145138889,413834797,13237645.2561539,-0.659318548611111,92499631.1440573,308097520.599789,209342130,58998713.7438461,150343416.256154,2.04929173669205,2022-10-27
2022-10-28,4.33438086111111,509545549,19892525.0952692,-0.665619138888889,93383577.5731575,396269446.331573,81792328,20504783.9047308,61287544.0952692,6.46574197385993,2022-10-28
2022-10-29,0.329073888888889,252315877,34062376.7981361,-0.670926111111111,94128123.5503356,124125376.651528,410644756,77957688.2018639,332687067.798136,0.373099493987075,2022-10-29
2022-10-30,4.32385123611111,509545549,18714394.9621556,-0.676148763888889,94860839.862588,395970314.175256,81792328,21682914.0378444,60109413.9621556,6.58749250865358,2022-10-30
2022-10-31,4.32606510416667,509545549,19425369.5951155,-0.673934895833334,94550243.446073,395569935.958812,81792328,20971939.4048845,60820388.5951155,6.50390346224424,2022-10-31
2022-11-01,4.33115863194444,509545549,11973510.3606813,-0.668841368055556,93835642.8305451,403736395.808774,81792328,28423798.6393187,53368529.3606813,7.5650650419875,2022-11-01
2022-11-02,4.32719775694444,509545549,21804061.2128555,-0.672802243055555,94391337.0049005,393350150.782244,81792328,18593247.7871445,63199080.2128555,6.22398537221482,2022-11-02
2022-11-03,0.324580645833333,252315877,36359545.0439919,-0.675419354166667,94758506.7333282,121197825.22268,410644756,75660519.9560081,334984236.043992,0.361801578050268,2022-11-03
2022-11-04,0.319843215277778,252315877,35828857.7652257,-0.680156784722222,95423148.3999133,121063870.834861,410644756,76191207.2347743,334453548.765226,0.361975142084211,2022-11-04
2022-11-05,0.320065965277777,252315877,35853810.2347044,-0.679934034722223,95391897.5077904,121070169.257505,410644756,76166254.7652956,334478501.234704,0.361966968910058,2022-11-05
2022-11-06,1.34032883333333,341598438,45750615.9779803,-0.659671166666667,92549101.9804875,203298720.041532,298624691,43531945.0220197,255092745.97798,0.796960020411874,2022-11-06
2022-11-07,1.35955322222222,341598438,34984361.1204803,-0.640446777777777,89852000.7311168,216762076.148403,298624691,54298199.8795197,244326491.12048,0.887182045443917,2022-11-07
2022-11-08,1.35591155555556,341598438,20934781.7304188,-0.644088444444444,90362911.3131502,230300744.956431,298624691,68347779.2695812,230276911.730419,1.00010349811378,2022-11-08
2022-11-09,2.35079061111111,413834797,48054998.737892,-0.649209388888888,91081358.3721903,274698439.889918,209342130,24181360.262108,185160769.737892,1.48356717396872,2022-11-09
2022-11-10,3.34761247222222,469148240,50422852.4501995,-0.652387527777778,91527237.9482559,327198149.601545,137105771,4890590.54980046,132215180.4502,2.47473965158477,2022-11-10
2022-11-11,3.46033136111111,469148240,34904612.4984654,-0.539668638888889,75713249.9038515,358530377.597683,137105771,20408830.5015346,116696940.498465,3.07232028591528,2022-11-11
2022-11-12,5.62470023611111,534663193,1062674.5040693,-0.375299763888888,52652985.1181998,480947533.377731,41395019,24054969.4959307,17340049.5040693,27.7362260854483,2022-11-12
2022-12-26,5.34181290972222,675435339,38661984.680475,-0.658187090277778,109186518.186892,527586836.132633,81792328,1735324.31952505,80057003.680475,6.59013967395467,2022-12-26
2022-12-27,4.35402827083333,635038030,10001418.3300736,-0.645971729166666,107160114.497395,517876497.172531,137105771,45312024.6699264,91793746.3300737,5.64174050931903,2022-12-27
2022-12-28,4.36303522916667,635038030,7978170.2487552,-0.636964770833334,105665952.07094,521393907.680305,137105771,47335272.7512448,89770498.2487552,5.80807634859635,2022-12-28
2022-12-29,4.37238240277778,635038030,9155527.15455415,-0.627617597222223,104115351.403499,521767151.441947,137105771,46157915.8454458,90947855.1545542,5.7369923738748,2022-12-29
2022-12-30,4.38192780555556,635038030,5125269.67952004,-0.618072194444444,102531866.541228,527380893.779252,137105771,50188173.32048,86917597.67952,6.06759629648066,2022-12-30
2022-12-31,7.39779055555556,711841387,257268.998495559,-0.602209444444444,99900398.2749055,611683719.726599,16277375,11031135.0015044,5246239.99849556,116.594688748896,2022-12-31
