"Date","thermo","Reservoir_depth"
2021-01-01,NA,11.4993263194444
2021-01-02,NA,11.5126020833333
2021-01-03,NA,11.5165820138889
2021-01-04,NA,11.515069375
2021-01-05,NA,11.5130617361111
2021-01-06,NA,11.5093097222222
2021-01-07,NA,11.5046033333333
2021-01-08,NA,11.5037929166667
2021-01-09,NA,11.5024951388889
2021-01-10,NA,11.4959031944444
2021-01-11,1.1,11.4933245833333
2021-01-12,NA,11.4907322222222
2021-01-13,NA,11.4868788888889
2021-01-14,NA,11.4820054166667
2021-01-15,NA,11.4811951388889
2021-01-16,NA,11.4820971527778
2021-01-17,NA,11.4775200694444
2021-01-18,NA,11.473975625
2021-01-19,NA,11.469575
2021-01-20,NA,11.4659589583333
2021-01-21,NA,11.4634960416667
2021-01-22,NA,11.4591104166667
2021-01-23,NA,11.4536146527778
2021-01-24,NA,11.4443331944444
2021-01-25,NA,11.4477248611111
2021-01-26,NA,11.5168540277778
2021-01-27,NA,11.5315190972222
2021-01-28,NA,11.5288288888889
2021-01-29,NA,11.5350022222222
2021-01-30,NA,11.524984375
2021-01-31,NA,11.527094375
2021-02-01,NA,11.5235746527778
2021-02-02,NA,11.5161506944444
2021-02-03,NA,11.5062413392293
2021-02-04,NA,11.5071050694444
2021-02-05,NA,11.5024442361111
2021-02-06,NA,11.4983114583333
2021-02-07,NA,11.5040923611111
2021-02-08,NA,11.5015399305556
2021-02-09,NA,11.4980809722222
2021-02-10,NA,11.4963928472222
2021-02-11,NA,11.5012603472222
2021-02-12,NA,11.5235151388889
2021-02-13,NA,11.5363734027778
2021-02-14,NA,11.5478975
2021-02-15,NA,11.5622625
2021-02-16,NA,11.6057103472222
2021-02-17,NA,11.6202406944444
2021-02-18,NA,11.6369077777778
2021-02-19,NA,11.6396660416667
2021-02-20,NA,11.630700625
2021-02-21,NA,11.616315625
2021-02-22,NA,11.611486875
2021-02-23,NA,11.6068322916667
2021-02-24,NA,11.5962516666667
2021-02-25,NA,11.5885616666667
2021-02-26,NA,11.5839642361111
2021-02-27,NA,11.5917360416667
2021-02-28,NA,11.6038069444444
2021-03-01,NA,11.6158568055556
2021-03-02,NA,11.6122839583333
2021-03-03,NA,11.6050635416667
2021-03-04,NA,11.5962301388889
2021-03-05,NA,11.5846759722222
2021-03-06,NA,11.5740226388889
2021-03-07,NA,11.5646765277778
2021-03-08,NA,11.5499774626866
2021-03-09,2.41544216315086,11.5371128472222
2021-03-10,1.1,11.5307414583333
2021-03-11,1.1,11.5255513194444
2021-03-12,4.2107551359628,11.5235329166667
2021-03-13,3.24017145533908,11.5182735416667
2021-03-14,5.44505843787084,11.5136535416667
2021-03-15,6.01119237677436,11.5078463888889
2021-03-16,6.03569769978546,11.5078548611111
2021-03-17,6.35446094517609,11.505336875
2021-03-18,6.39332738767275,11.5188808333333
2021-03-19,6.23672412247469,11.5440297222222
2021-03-20,6.3162482238423,11.5411045138889
2021-03-21,5.67031221462265,11.5344290972222
2021-03-22,4.28443855240577,11.5277022916667
2021-03-23,4.32549027515997,11.5254157638889
2021-03-24,3.95787463950763,11.5274582638889
2021-03-25,3.40635089053127,11.5265833333333
2021-03-26,3.26832255453968,11.5382911805556
2021-03-27,3.16317776665772,11.5376268055556
2021-03-28,3.09978248887301,11.5554286111111
2021-03-29,5.41173285222002,11.5597134722222
2021-03-30,5.18928947641982,11.5539146527778
2021-03-31,4.3389116086143,11.5623520138889
2021-04-01,8.6144894211527,11.5671565972222
2021-04-02,NA,11.5562409722222
2021-04-03,1.125,11.5461009722222
2021-04-04,6.20677223112049,11.5403739583333
2021-04-05,1.075,11.5105013709677
2021-04-06,2.05147396026483,11.4789639583333
2021-04-07,1.025,11.47469
2021-04-08,1.69145419711626,11.470761875
2021-04-09,2.07975535770817,11.4712263888889
2021-04-10,1.95971107741413,11.472473125
2021-04-11,2.49836859134099,11.4904970833333
2021-04-12,3.04550369010171,11.4846658333333
2021-04-13,2.66622383621561,11.4775509027778
2021-04-14,2.96596021884759,11.4731848611111
2021-04-15,3.24701225950682,11.4749828472222
2021-04-16,3.32620965922872,11.4664209027778
2021-04-17,3.19725919990785,11.4602555555556
2021-04-18,3.1994942690175,11.4553441666667
2021-04-19,3.19285442884501,11.4594027777778
2021-04-20,3.28361822280694,11.455328125
2021-04-21,4.52171451718404,11.4492690277778
2021-04-22,5.02622247733138,11.4424954861111
2021-04-23,4.34223306330451,11.4359325694444
2021-04-24,4.7863903370575,11.440015
2021-04-25,6.14589909246921,11.4552293055556
2021-04-26,5.44598098256123,11.44957125
2021-04-27,5.19201719474378,11.4439271527778
2021-04-28,1,11.4395086805556
2021-04-29,1.88395016933731,11.4348914583333
2021-04-30,4.23333179485005,11.4261797916667
2021-05-01,4.22524561522815,11.4155295833333
2021-05-02,4.15910845179656,11.4093379861111
2021-05-03,4.09006051422133,11.4154954609929
2021-05-04,3.27882109834548,11.4326384722222
2021-05-05,3.22666448434107,11.4527516666667
2021-05-06,3.21693872946217,11.4452206944444
2021-05-07,3.88375640824334,11.4404706944444
2021-05-08,4.46072000091506,11.434299375
2021-05-09,4.25420571923091,11.4262313194444
2021-05-10,4.31399245610546,11.4193826388889
2021-05-11,4.30128561333648,11.4116427083333
2021-05-12,4.33947077367711,11.40378
2021-05-13,4.5400314563701,11.3970663194444
2021-05-14,4.58177922387357,11.3889516312057
2021-05-15,4.7197694906355,11.3820645833333
2021-05-16,4.89516754503841,11.3809506944444
2021-05-17,4.5644184153922,11.3806175
2021-05-18,4.79099898518368,11.3777655555556
2021-05-19,4.79042367796634,11.3735469444444
2021-05-20,4.81866429878354,11.3679152083333
2021-05-21,4.73195273972625,11.361360625
2021-05-22,2.10622226584574,11.3580634027778
2021-05-23,3.0704025960096,11.3554366666667
2021-05-24,4.75909751970317,11.3510857638889
2021-05-25,3.37768987986827,11.3476649305556
2021-05-26,3.1711259941709,11.3444915972222
2021-05-27,3.16750655577041,11.3382521527778
2021-05-28,3.17263433100307,11.3411020833333
2021-05-29,3.26368571876166,11.3548702083333
2021-05-30,4.07576729375996,11.3649104861111
2021-05-31,4.22944595795006,11.3606423571429
2021-06-01,4.29090513836372,11.3564875
2021-06-02,4.24825556191252,11.3512002083333
2021-06-03,4.2212394818189,11.3600695138889
2021-06-04,4.11805440479138,11.3751757638889
2021-06-05,4.03657663811333,11.3669870138889
2021-06-06,4.09259489690472,11.3594809722222
2021-06-07,4.05461933520144,11.3568104861111
2021-06-08,4.07255558185235,11.3677647916667
2021-06-09,4.01267412039637,11.3896561111111
2021-06-10,4.04983884457472,11.4048582638889
2021-06-11,4.02254947464133,11.4240424305556
2021-06-12,4.01950414576572,11.4739089583333
2021-06-13,4.10309717510724,11.4723623611111
2021-06-14,4.19607033024833,11.4853107638889
2021-06-15,3.93147617481097,11.474149375
2021-06-16,4.19959401643298,11.4594524305556
2021-06-17,4.29021125568986,11.4437568055556
2021-06-18,4.27320662694182,11.4309854166667
2021-06-19,4.230951878433,11.4194650694444
2021-06-20,4.2467333972031,11.4099716666667
2021-06-21,4.23189203296066,11.401203125
2021-06-22,4.23780860677928,11.4014208333333
2021-06-23,4.2895023782036,11.3972222222222
2021-06-24,4.32416793967766,11.3860800694444
2021-06-25,4.3734569779531,11.3764547916667
2021-06-26,4.38345369433937,11.3672881944444
2021-06-27,4.4726029590513,11.3661323611111
2021-06-28,4.36647040282928,11.3845883098592
2021-06-29,4.37606111620267,11.3814000694444
2021-06-30,4.40425516713615,11.3721370138889
2021-07-01,4.46226303482051,11.369730625
2021-07-02,4.23905898012918,11.3807403472222
2021-07-03,4.34045894699375,11.3692388194444
2021-07-04,4.43309457753783,11.3559295138889
2021-07-05,4.66241341991857,11.3436872916667
2021-07-06,4.45855972305567,11.3320545833333
2021-07-07,4.32740423250057,11.3215999305556
2021-07-08,4.31620517845081,11.3176739583333
2021-07-09,4.2570473796487,11.3127310416667
2021-07-10,4.32297175707682,11.3020880555556
2021-07-11,4.33357996879393,11.2943084722222
2021-07-12,4.31042324354952,11.2911861428571
2021-07-13,4.35819508347565,11.2912826388889
2021-07-14,4.27307873217012,11.2861936805556
2021-07-15,4.2511405345412,11.2908570138889
2021-07-16,4.31132519251403,11.2800164583333
2021-07-17,4.24678215321282,11.2746213194444
2021-07-18,4.20320544081879,11.2840452777778
2021-07-19,4.45877281316356,11.2720785416667
2021-07-20,4.29764485419,11.2604210416667
2021-07-21,4.23470573232808,11.2482583333333
2021-07-22,4.29236383448464,11.2328776388889
2021-07-23,4.24553389378024,11.2188957638889
2021-07-24,4.24588433095559,11.2060423611111
2021-07-25,4.20525693094309,11.2062392361111
2021-07-26,4.54203323803228,11.2216336111111
2021-07-27,4.663485793423,11.2500745833333
2021-07-28,4.45064518465772,11.2380024305556
2021-07-29,4.53171103583749,11.2254016666667
2021-07-30,4.15503912505013,11.2117789583333
2021-07-31,4.36683703497544,11.1960488888889
2021-08-01,4.2541498451033,11.1871177777778
2021-08-02,4.29488666965813,11.1708564583333
2021-08-03,4.6075573891781,11.1553882638889
2021-08-04,4.58287655674244,11.1399239583333
2021-08-05,4.80322460393642,11.1238678472222
2021-08-06,4.64151205029749,11.108735
2021-08-07,4.63946766449214,11.0951395833333
2021-08-08,4.67073620817225,11.0803724305556
2021-08-09,4.75974196657579,11.0615896453901
2021-08-10,4.73939061227162,11.0456546527778
2021-08-11,4.69432113896818,11.0359495138889
2021-08-12,4.7156240750024,11.02652875
2021-08-13,4.55448776831213,11.0138963888889
2021-08-14,4.50045720219397,11.0021240972222
2021-08-15,4.68254253102844,11.0031930555556
2021-08-16,4.61089887756089,11.1033802083333
2021-08-17,4.78968709718985,11.1356765972222
2021-08-18,4.90088224371971,11.15792
2021-08-19,4.89679248481311,11.1570814583333
2021-08-20,4.93046838806486,11.1691627777778
2021-08-21,4.92835468960698,11.1602636805556
2021-08-22,4.93529487685951,11.1480989583333
2021-08-23,4.89162666092693,11.1190797080292
2021-08-24,4.82460626361376,11.0937838461538
2021-08-25,4.81180502815977,11.0801559027778
2021-08-26,4.79794997686143,11.0657630555556
2021-08-27,4.7984192592531,11.0536270833333
2021-08-28,4.77955942933534,11.0411102083333
2021-08-29,4.70095434843182,11.0278679166667
2021-08-30,4.50907953054144,11.0180420833333
2021-08-31,4.69337969948639,11.0128205555556
2021-09-01,4.43851153059685,11.0755858333333
2021-09-02,4.78977166967082,11.0838965277778
2021-09-03,4.87156342012172,11.0691427083333
2021-09-04,4.90227148736554,11.0542260416667
2021-09-05,4.89989469249938,11.0411347222222
2021-09-06,4.86523434289264,11.0124798571429
2021-09-07,4.83498001790656,10.9823742361111
2021-09-08,4.81360041439822,10.9675784210526
2021-09-09,4.76494435243676,10.9681107712944
2021-09-10,4.83959232549148,10.9691257076412
2021-09-11,4.89684857040452,10.9522165972222
2021-09-12,4.87772207712537,10.9374486805556
2021-09-13,4.97187033225509,10.9222208333333
2021-09-14,5.05816168157489,10.9071990277778
2021-09-15,4.97741632542831,10.8927226388889
2021-09-16,4.8811053802483,10.8791308333333
2021-09-17,4.82433842565281,10.8662009722222
2021-09-18,4.86555928352047,10.8520930555556
2021-09-19,4.94753108367843,10.8368482638889
2021-09-20,5.01202693603219,10.8226281944444
2021-09-21,4.93324920340618,10.8232640277778
2021-09-22,5.37259313410608,11.0182773051948
2021-09-23,5.98159198613521,11.1646060416667
2021-09-24,5.98880380856328,11.17173375
2021-09-25,6.00889288423677,11.1688152083333
2021-09-26,6.03361584368133,11.1618000694444
2021-09-27,6.0499602247346,11.1519834027778
2021-09-28,6.10430782134988,11.1434213194444
2021-09-29,6.10537276142869,11.133265
2021-09-30,6.02592311280572,11.1227727777778
2021-10-01,6.06419280204839,11.1108452777778
2021-10-02,6.03836199031912,11.1005253472222
2021-10-03,6.08397875894847,11.0923180555556
2021-10-04,6.06393558901577,11.0909894444444
2021-10-05,6.06509424450639,11.0824525694444
2021-10-06,6.08189921275572,11.0801829166667
2021-10-07,6.04303700936309,11.0758604861111
2021-10-08,6.1177992829825,11.06803875
2021-10-09,6.04549741258422,11.0614879861111
2021-10-10,6.04832707594629,11.051336875
2021-10-11,5.9770241698556,11.0415126388889
2021-10-12,5.97949536001713,11.0211885611511
2021-10-13,5.97841828441781,11.0008013888889
2021-10-14,6.00599640829811,10.9902430555556
2021-10-15,6.16581671740079,10.9788488194444
2021-10-16,5.99047650787773,10.9702224706649
2021-10-17,6.82641449504385,10.9542615277778
2021-10-18,6.7917363795443,10.9374140277778
2021-10-19,6.78417804400115,10.922320625
2021-10-20,6.79929410435489,10.9090772916667
2021-10-21,6.82418058183528,10.8972142361111
2021-10-22,6.83040168298237,10.8882022916667
2021-10-23,6.85576073431375,10.87407625
2021-10-24,6.88109733358816,10.860625625
2021-10-25,6.9905431461355,10.8512155555556
2021-10-26,7.69291077770323,10.8362747142857
2021-10-27,8.72655748053634,10.8089327777778
2021-10-28,8.71696717352528,10.7947095833333
2021-10-29,8.71094798721054,10.8287155555556
2021-10-30,8.74206027237504,10.8358785416667
2021-10-31,8.79778354073352,10.8283095138889
2021-11-01,9.8,10.8141580555556
2021-11-02,9.8,10.8067834722222
2021-11-03,9.775,10.7952775694444
2021-11-04,9.75,10.782339375
2021-11-05,NA,10.7708209027778
2021-11-06,NA,10.7586065277778
2021-11-07,NA,10.7472166666667
2021-11-08,NA,10.7347785416667
2021-11-09,NA,10.719744751773
2021-11-10,NA,10.7030946527778
2021-11-11,NA,10.6917941666667
2021-11-12,2.44021862578681,10.7156170138889
2021-11-13,NA,10.7104554166667
2021-11-14,NA,10.6972579166667
2021-11-15,NA,10.6860807638889
2021-11-16,NA,10.6717150694444
2021-11-17,NA,10.6607484722222
2021-11-18,NA,10.6528821527778
2021-11-19,NA,10.6405231944444
2021-11-20,NA,10.6252311805556
2021-11-21,NA,10.6152034027778
2021-11-22,NA,10.6182703546099
2021-11-23,NA,10.6140031944444
2021-11-24,NA,10.6010269444444
2021-11-25,NA,10.5896893055556
2021-11-26,NA,10.5802477083333
2021-11-27,NA,10.5670661111111
2021-11-28,NA,10.5552859722222
2021-11-29,NA,10.5427775
2021-11-30,NA,10.5298167361111
2021-12-01,NA,10.5191425694444
2021-12-02,NA,10.5092247916667
2021-12-03,NA,10.4968782361111
2021-12-04,NA,10.486889375
2021-12-05,NA,10.4750531666667
2021-12-06,NA,10.4571124680851
2021-12-07,NA,10.4388496527778
2021-12-08,NA,10.4270710763889
2021-12-09,NA,10.4154903055556
2021-12-10,NA,10.4070702638889
2021-12-11,NA,10.4047112708333
2021-12-12,NA,10.3968302152778
2021-12-13,NA,10.3850691527778
2021-12-14,NA,10.3726398402778
2021-12-15,NA,10.3607641944444
2021-12-16,NA,10.3493297638889
2021-12-17,NA,10.3401598819444
2021-12-18,NA,10.3322848472222
2021-12-19,NA,10.3240237986111
2021-12-20,NA,10.3158040972222
2021-12-21,NA,10.3032595069444
2021-12-22,NA,10.2730999305556
2021-12-23,NA,10.2654238680556
2021-12-24,NA,10.26641975
2021-12-25,NA,10.2594323194444
2021-12-26,NA,10.2478084236111
2021-12-27,NA,10.2352233541667
2021-12-28,NA,10.2241763125
2021-12-29,NA,10.2172924930556
2021-12-30,0.8,10.2128205277778
2021-12-31,1.54508745135626,10.2041598888889
2022-01-01,0.8,10.1998508611111
2022-01-02,4.82346026752004,10.2231618958333
2022-01-03,4.43416554025078,10.2555149375
2022-01-04,NA,10.2618832569444
2022-01-05,NA,10.2559988194444
2022-01-06,NA,10.251777625
2022-01-07,NA,10.2494902638889
2022-01-08,NA,10.2379349791667
2022-01-09,NA,10.2328245347222
2022-01-10,NA,10.2352060208333
2022-01-11,NA,10.2274978819444
2022-01-12,NA,10.2219716527778
2022-01-13,NA,10.2177067708333
2022-01-14,NA,10.2146404791667
2022-01-15,NA,10.2051024166667
2022-01-16,NA,10.2079582847222
2022-01-17,NA,10.232956625
2022-01-18,NA,10.2271712847222
2022-01-19,0.8,10.2195366180556
2022-01-20,NA,10.2186068541667
2022-01-21,NA,10.2129904930556
2022-01-22,1.57175272882132,10.2053972638889
2022-01-23,NA,10.1984384097222
2022-01-24,NA,10.19416175
2022-01-25,NA,10.1888312291667
2022-01-26,NA,10.1829968402778
2022-01-27,NA,10.1736924097222
2022-01-28,NA,10.1692742237762
2022-01-29,NA,10.1741291388889
2022-01-30,0.75,10.1648936180556
2022-01-31,NA,10.1559979722222
2022-02-01,NA,10.14631875
2022-02-02,NA,10.13846425
2022-02-03,0.775,10.1615117291667
2022-02-04,NA,10.250706875
2022-02-05,NA,10.3243359652778
2022-02-06,NA,10.3464994722222
2022-02-07,NA,10.3597361805556
2022-02-08,NA,10.3697731666667
2022-02-09,NA,10.3715094791667
2022-02-10,NA,10.372478625
2022-02-11,NA,10.3713656597222
2022-02-12,NA,10.3706377847222
2022-02-13,NA,10.3733031180556
2022-02-14,NA,10.3711087569444
2022-02-15,NA,10.3643790972222
2022-02-16,NA,10.3588300763889
2022-02-17,NA,10.3573693055556
2022-02-18,NA,10.2965303055556
2022-02-19,NA,10.3324825347222
2022-02-20,NA,10.3583072916667
2022-02-21,NA,10.3530227638889
2022-02-22,NA,10.3556541319444
2022-02-23,5.41314048647962,10.3632550069444
2022-02-24,0.975,10.379751625
2022-02-25,NA,10.4097749305556
2022-02-26,NA,10.4188612986111
2022-02-27,NA,10.4227503472222
2022-02-28,NA,10.4224461319444
2022-03-01,2.83013954865516,10.4218333541667
2022-03-02,5.67233143464455,10.4200633333333
2022-03-03,7.25054071983247,10.4180346875
2022-03-04,1,10.4124944930556
2022-03-05,5.33599413342513,10.40808575
2022-03-06,3.32182047843161,10.4062295902778
2022-03-07,1,10.4051247013889
2022-03-08,7.17378901457573,10.4034061666667
2022-03-09,4.44848338487434,10.4272322361111
2022-03-10,5.37483625890658,10.4297351666667
2022-03-11,5.47220531548757,10.4275889791667
2022-03-12,NA,10.4380311180556
2022-03-13,NA,10.4412761597222
2022-03-14,8.63154194928894,10.441062875
2022-03-15,1.05,10.4392661180556
2022-03-16,2.8025433161543,10.4404060555556
2022-03-17,3.35290571630042,10.4485665555556
2022-03-18,2.97440096532625,10.4471664791667
2022-03-19,3.63270499961371,10.4452805555556
2022-03-20,6.15682342069835,10.4398567916667
2022-03-21,6.0805011098168,10.4336668194444
2022-03-22,5.13005862990612,10.4049219555556
2022-03-23,3.36992225005138,10.3951110625
2022-03-24,4.3204865055572,10.4325173541667
2022-03-25,5.01282975365739,10.4537832986111
2022-03-26,7.28117509753066,10.4613483541667
2022-03-27,NA,10.4620967013889
2022-03-28,NA,10.4601437361111
2022-03-29,NA,10.4565886041667
2022-03-30,NA,10.4542907986111
2022-03-31,5.32689986398454,10.4595689097222
2022-04-01,8.54249680081314,10.4616524583333
2022-04-02,8.25327152574929,10.4553730416667
2022-04-03,6.50073082172247,10.4498680208333
2022-04-04,6.97640067717535,10.4435442152778
2022-04-05,7.04328311450075,10.4447683819444
2022-04-06,3.31737455145516,10.4779703680556
2022-04-07,4.30524144972249,10.4945359791667
2022-04-08,3.58192989673705,10.5017357291667
2022-04-09,5.38198735558147,10.5072502152778
2022-04-10,9.475,10.5056024513889
2022-04-11,3.3057352770898,10.5033427430556
2022-04-12,3.04116572225753,10.5108978014184
2022-04-13,1.125,10.5249501388889
2022-04-14,3.43420354842903,10.5238105555556
2022-04-15,3.18874082020891,10.51485375
2022-04-16,3.07245549625207,10.5098082638889
2022-04-17,3.23326331992306,10.5042049027778
2022-04-18,4.27304650483485,10.5235175555556
2022-04-19,5.68274042574245,10.5445366666667
2022-04-20,5.97279747874423,10.5403515972222
2022-04-21,5.52906308741374,10.5385891666667
2022-04-22,1.15,10.5378338194444
2022-04-23,1.15,10.5352020833333
2022-04-24,1.87622954782395,10.5324163194444
2022-04-25,2.10542791682682,10.5265971527778
2022-04-26,2.41083209888469,10.5250402777778
2022-04-27,4.38319347862045,10.5172754861111
2022-04-28,4.30114646145345,10.5061531041667
2022-04-29,4.35030586248547,10.4962792222222
2022-04-30,4.34762772256309,10.4970979236111
2022-05-01,4.41779027690658,10.4996306944444
2022-05-02,4.46140232771026,10.4983988085106
2022-05-03,4.34560182085172,10.4946481944444
2022-05-04,2.22769531910006,10.4944397013889
2022-05-05,2.10380416146593,10.4868775833333
2022-05-06,2.85717214729914,10.4916273958333
2022-05-07,3.30546924548361,10.5249559027778
2022-05-08,3.72746233952643,10.5282761805556
2022-05-09,4.30784545124051,10.4923520851064
2022-05-10,4.25619694892307,10.4603890069444
2022-05-11,3.91889568332619,10.4510936527778
2022-05-12,3.73011095618156,10.448210323741
2022-05-13,3.92664262793308,10.4559234166667
2022-05-14,3.38667600976436,10.4554067777778
2022-05-15,2.42829463060678,10.4551404513889
2022-05-16,2.50757927676561,10.4505113194444
2022-05-17,3.13696892399906,10.4388077152778
2022-05-18,3.02285904393455,10.4254601805556
2022-05-19,3.10195896500953,10.4061272708333
2022-05-20,2.98613710449259,10.355029375
2022-05-21,2.79070225355083,10.2991281041667
2022-05-22,2.48219504547869,10.2522599236111
2022-05-23,2.94931658341059,10.2222259571429
2022-05-24,3.60061657484851,10.3182891666667
2022-05-25,3.8861558720524,10.3228845069444
2022-05-26,3.98096640563382,10.2978288680556
2022-05-27,4.07345961228225,10.3216834444444
2022-05-28,4.03782511392172,10.3363622361111
2022-05-29,4.01450070444885,10.3133732291667
2022-05-30,4.03902569431483,10.2784976597222
2022-05-31,0.825,10.2379334513889
2022-06-01,0.775,10.1945534097222
2022-06-02,1.83683316504648,10.1487885347222
2022-06-03,1.91412267496454,10.0988399444444
2022-06-04,1.87509900159268,10.0456832013889
2022-06-05,3.39603103934796,9.99193882638889
2022-06-06,3.21935989905654,9.9392293511396
2022-06-07,3.09396557524082,9.88828244444444
2022-06-08,3.00461307351566,9.842101125
2022-06-09,3.21755079125434,9.79626778472222
2022-06-10,3.36986796051319,9.73778936111111
2022-06-11,3.34262301428608,9.6805401875
2022-06-12,3.35502837997696,9.62766940277778
2022-06-13,3.14128576150868,9.57561623611111
2022-06-14,2.91913864110007,9.53559705555556
2022-06-15,3.03725620982323,9.47826188194444
2022-06-16,2.90672582698577,9.42009703472222
2022-06-17,2.43730798105026,9.38936353472222
2022-06-18,3.10878991353839,9.32714220138889
2022-06-19,3.12170484775423,9.2605546875
2022-06-20,3.09598258926593,9.19502623913043
2022-06-21,3.0550433286802,9.13118105555556
2022-06-22,3.03390659031721,9.06694361111111
2022-06-23,2.86699082806621,9.00559775694444
2022-06-24,2.84236150138081,8.93957231944444
2022-06-25,2.63494786523303,8.87447746885246
2022-06-26,2.4575823182331,8.81061136111111
2022-06-27,2.56318635189679,8.75171897916667
2022-06-28,2.59359007302527,8.69098011111111
2022-06-29,2.5598038120182,8.63037285416667
2022-06-30,2.38261818195791,8.57190193055555
2022-07-01,2.17381429941442,8.52079690277778
2022-07-02,1.76117133003767,8.51234350694445
2022-07-03,1.74166575123524,8.51489763194444
2022-07-04,1.2,8.50254090277778
2022-07-05,2.14169406324385,8.50401925
2022-07-06,2.35927948556961,8.51819230555556
2022-07-07,2.29747298910306,8.52125339583333
2022-07-08,2.28585917790999,8.51572081944444
2022-07-09,2.3130164152452,8.52402273611111
2022-07-10,2.48245444146104,8.54680249305556
2022-07-11,2.52588116040579,8.54832693055556
2022-07-12,2.49384390435531,8.54022382638889
2022-07-13,2.41856170964903,8.55255977777778
2022-07-14,2.44541655807915,8.54887811805555
2022-07-15,2.42764869791066,8.54595584782609
2022-07-16,2.32202337326137,8.53455950694445
2022-07-17,2.39973960317181,8.52926761805556
2022-07-18,2.42221063646158,8.52351509722222
2022-07-19,2.35413233976349,8.51752051388889
2022-07-20,2.37347712396603,8.50352244444444
2022-07-21,2.32637337527334,8.49020589583333
2022-07-22,2.33860534748092,8.47447557638889
2022-07-23,2.33885009914927,8.45820079861111
2022-07-24,2.35291643047431,8.44114665972222
2022-07-25,2.35679844927723,8.42888386111111
2022-07-26,2.41662099724708,8.42031354861111
2022-07-27,2.49483711087893,8.41577851388889
2022-07-28,2.67393393176755,8.40680144444444
2022-07-29,2.68336674555677,8.39453759722222
2022-07-30,2.56454950223776,8.37822336111111
2022-07-31,2.88530826875156,8.37580634722222
2022-08-01,2.9913893610883,8.41242707638889
2022-08-02,2.90632870604981,8.40121843055556
2022-08-03,2.9297093901071,8.38637369444444
2022-08-04,2.83891981125728,8.37460377777778
2022-08-05,2.90916964069661,8.37085714583333
2022-08-06,3.0653151369532,8.41585397916667
2022-08-07,3.1083487644622,8.41240548611111
2022-08-08,3.05918343897871,8.40053324305556
2022-08-09,2.9975094214894,8.39414124305556
2022-08-10,2.99639326649742,8.40830916666667
2022-08-11,3.19297086920735,8.40432347916667
2022-08-12,3.13136285535102,8.39021292361111
2022-08-13,3.14787739502122,8.37456347222222
2022-08-14,3.17764825054368,8.36090010416667
2022-08-15,3.27860656924468,8.40633772222222
2022-08-16,3.3703726302273,8.428802
2022-08-17,3.38320463654467,8.42124486111111
2022-08-18,3.39084435980467,8.41077466666667
2022-08-19,3.39837922485206,8.39984815972222
2022-08-20,3.35974275293221,8.38791202777778
2022-08-21,3.36386363283025,8.38812668055555
2022-08-22,3.36171647698987,8.391114125
2022-08-23,3.32829783403776,8.37769163194444
2022-08-24,3.42035409627139,8.36376674305555
2022-08-25,3.36323681652772,8.35145149305556
2022-08-26,3.20382911608899,8.34324023611111
2022-08-27,3.15595857114456,8.32798302777778
2022-08-28,3.16144234203646,8.31310351388889
2022-08-29,3.1288841518067,8.29797390972222
2022-08-30,2.90906387126276,8.28492265277778
2022-08-31,3.10706892548915,8.26833359027778
2022-09-01,3.26118992947801,8.24838785416667
2022-09-02,3.29033256647994,8.23097424305556
2022-09-03,3.20654432796114,8.21440474305555
2022-09-04,3.28364342725347,8.21529301388889
2022-09-05,3.45706377377868,8.30435855725191
2022-09-06,3.4275102116179,8.36410565972222
2022-09-07,3.56150884671913,8.35800172222222
2022-09-08,3.57693160540506,8.40321774305556
2022-09-09,3.5643735329682,8.41856031944445
2022-09-10,3.8747514747731,8.42298727777778
2022-09-11,4.06277193261124,8.46096110416667
2022-09-12,4.08557357289685,8.46531720833333
2022-09-13,4.12345682372314,8.47007609027778
2022-09-14,4.21215348263854,8.46140841666667
2022-09-15,4.23885241875923,8.45217684027778
2022-09-16,4.23545624997893,8.44294238888889
2022-09-17,4.1963411826567,8.43274652083333
2022-09-18,4.08248795156843,8.42144961111111
2022-09-19,4.10955198499557,8.40185026086957
2022-09-20,4.08765955859502,8.3846860625
2022-09-21,4.13967917919321,8.37129620833333
2022-09-22,4.14450226687033,8.35741815277778
2022-09-23,4.1931675389173,8.34030595833333
2022-09-24,4.16820113632417,8.32351745833333
2022-09-25,4.19047375421282,8.31433239583333
2022-09-26,4.21866445973079,8.30844146527778
2022-09-27,4.19484915226245,8.29335531944444
2022-09-28,4.3040531500778,8.27700895833333
2022-09-29,4.44829117178568,8.25973973611111
2022-09-30,5.01793933412273,8.25130121527778
2022-10-01,5.22095577896927,8.38807103472222
2022-10-02,5.35901473110769,8.44401234027778
2022-10-03,5.40316621112655,8.45461017361111
2022-10-04,5.50516424752015,8.4533051875
2022-10-05,6.35874345201546,8.44761363194444
2022-10-06,6.33867993287021,8.44166067361111
2022-10-07,6.32525257298975,8.43559741666667
2022-10-08,6.34137232298452,8.42630121527778
2022-10-09,6.34455209728061,8.41638136111111
2022-10-10,6.37410070678529,8.40798631944445
2022-10-11,6.46517448657271,8.40363107913669
2022-10-12,6.52626815241155,8.401678625
2022-10-13,6.82942323120785,8.40861803472222
2022-10-14,7.375,8.4024723125
2022-10-15,7.375,8.39643393055556
2022-10-16,7.375,8.39217929166667
2022-10-17,7.375,8.40458315277778
2022-10-18,7.375,8.39219261111111
2022-10-19,NA,8.38244480555556
2022-10-20,7.35,8.37430550694445
2022-10-21,6.5656298750803,8.36486580555556
2022-10-22,3.00976752563757,8.35684652083333
2022-10-23,1.76849722936245,8.35066140972222
2022-10-24,1.05,8.34786137857143
2022-10-25,1.05,8.34599449305555
2022-10-26,2.33420908764306,8.34489128472222
2022-10-27,3.14465157540226,8.34068145138889
2022-10-28,4.86043235226537,8.33438086111111
2022-10-29,1.025,8.32907388888889
2022-10-30,4.88797781023373,8.32385123611111
2022-10-31,4.87050140177087,8.32606510416667
2022-11-01,5.07845955131099,8.33115863194444
2022-11-02,4.80391485308913,8.32719775694444
2022-11-03,1,8.32458064583333
2022-11-04,1,8.31984321527778
2022-11-05,1,8.32006596527778
2022-11-06,1.82790383716885,8.34032883333333
2022-11-07,2.01303964875104,8.35955322222222
2022-11-08,2.1686653316374,8.35591155555556
2022-11-09,2.67166469845107,8.35079061111111
2022-11-10,3.39591844978812,8.34761247222222
2022-11-11,3.8299675963467,8.46033136111111
2022-11-12,6.48834349210983,8.62470023611111
2022-11-13,NA,8.66167272222222
2022-11-14,NA,8.67721717361111
2022-11-15,NA,8.69968602777778
2022-11-16,NA,8.75112509027778
2022-11-17,NA,8.76807810416667
2022-11-18,NA,8.77831930555556
2022-11-19,NA,8.78504736805556
2022-11-20,NA,8.78547201388889
2022-11-21,NA,8.79344923611111
2022-11-22,NA,8.79716178472222
2022-11-23,NA,8.79965652083333
2022-11-24,NA,8.80003425
2022-11-25,NA,8.80410034027778
2022-11-26,NA,8.80270113888889
2022-11-27,NA,8.80702495833333
2022-11-28,NA,8.80064997222222
2022-11-29,NA,8.78869846527778
2022-11-30,NA,8.81034416666667
2022-12-01,NA,8.83827275
2022-12-02,NA,8.83817865972222
2022-12-03,NA,8.84923122916667
2022-12-04,NA,8.85471545833333
2022-12-05,NA,8.85599809722222
2022-12-06,NA,8.86838206113903
2022-12-07,NA,8.91081480555555
2022-12-08,NA,8.93716152777778
2022-12-09,NA,8.96667663888889
2022-12-10,NA,8.98633870138889
2022-12-11,NA,9.00035646527778
2022-12-12,NA,9.01013634722222
2022-12-13,NA,9.01711345833333
2022-12-14,NA,9.02453842361111
2022-12-15,NA,9.07004788194445
2022-12-16,NA,9.10255686111111
2022-12-17,NA,9.12240775694444
2022-12-18,NA,9.1402918125
2022-12-19,NA,9.15216033333333
2022-12-20,NA,9.1597246875
2022-12-21,NA,9.16770858333333
2022-12-22,NA,9.21247903472222
2022-12-23,NA,9.28419054861111
2022-12-24,NA,9.31727439583333
2022-12-25,NA,9.33333167361111
2022-12-26,5.38476934326895,9.34181290972222
2022-12-27,5.22083210704024,9.35402827083333
2022-12-28,5.26607482397511,9.36303522916667
2022-12-29,5.25430207174256,9.37238240277778
2022-12-30,5.32364424186415,9.38192780555556
2022-12-31,8.375,9.39779055555556
