"Date","Year","Rain_Total_mm","AirTemp_C_Average","WindSpeed_Average_m_s","DOY"
2021-01-01,"2021",15.494,2.01901597222222,1.33209027777778,1
2021-01-02,"2021",0,8.78059513888889,2.26335625,2
2021-01-03,"2021",3.302,6.13440208333333,1.40389097222222,3
2021-01-04,"2021",0,2.92055625,1.41123888888889,4
2021-01-05,"2021",0,3.55887430555556,2.06844444444444,5
2021-01-06,"2021",0,2.71047569444444,3.02018125,6
2021-01-07,"2021",0,1.86376666666667,2.04749722222222,7
2021-01-08,"2021",2.032,1.65103958333333,1.94215694444444,8
2021-01-09,"2021",0,1.2595375,4.99977430555556,9
2021-01-10,"2021",0,0.814138888888889,2.73368819444444,10
2021-01-11,"2021",0.508,1.03404583333333,1.66239444444444,11
2021-01-12,"2021",0,4.07350277777778,2.61171944444444,12
2021-01-13,"2021",0,2.70714483111111,2.54545,13
2021-01-14,"2021",0,3.77149097222222,2.66238680555556,14
2021-01-15,"2021",3.81,0.435061805555556,1.80200694444444,15
2021-01-16,"2021",0.508,0.831928472222222,2.36064513888889,16
2021-01-17,"2021",0,2.54243958333333,1.80160694444444,17
2021-01-18,"2021",0,1.27313611111111,2.01446458333333,18
2021-01-19,"2021",0,3.51533680555556,1.76522430555556,19
2021-01-20,"2021",0,2.50241805555556,2.74063819444444,20
2021-01-21,"2021",0,4.54610902777778,2.55184722222222,21
2021-01-22,"2021",0,4.83315833333333,2.27254027777778,22
2021-01-23,"2021",0,-0.21473125,2.577325,23
2021-01-24,"2021",0,-0.393782638888889,1.50043541666667,24
2021-01-25,"2021",19.304,2.12424791666667,1.40604305555556,25
2021-01-26,"2021",29.972,1.72743611111111,1.26794236111111,26
2021-01-27,"2021",2.032,5.52902430555556,2.13923121387283,27
2021-01-28,"2021",0.254,-2.68222430555556,4.14134316037736,28
2021-01-29,"2021",0,-3.93335347222222,2.42374166666667,29
2021-01-30,"2021",0.254,-1.88401180555556,1.75639444444444,30
2021-01-31,"2021",0.254,-1.83606111111111,1.51678333333333,31
2021-02-01,"2021",8.636,-0.178318055555556,3.82524236111111,32
2021-02-02,"2021",0,-1.67716805555556,5.22525138888889,33
2021-02-03,"2021",0,-0.386172916666667,3.09714097222222,34
2021-02-04,"2021",0,2.03048958333333,3.15370694444444,35
2021-02-05,"2021",0.762,4.24338958333333,2.17389791666667,36
2021-02-06,"2021",0,3.79818888888889,2.18326875,37
2021-02-07,"2021",5.842,0.720845833333333,2.85098472222222,38
2021-02-08,"2021",0,-0.591462196861626,1.8071697574893,39
2021-02-09,"2021",0,6.06346041666667,1.74441111111111,40
2021-02-10,"2021",0,3.39358194444444,1.74697430555556,41
2021-02-11,"2021",10.16,1.63907777777778,1.24951458333333,42
2021-02-12,"2021",0,-1.96573402777778,1.05692569444444,43
2021-02-13,"2021",10.668,-0.3537375,0.903763218390805,44
2021-02-14,"2021",15.24,0.905529861111111,0.694399425287356,45
2021-02-15,"2021",13.716,0.484179861111111,1.12978333333333,46
2021-02-16,"2021",1.016,0.8624875,1.99545486111111,47
2021-02-17,"2021",0,-2.60310625,2.31776458333333,48
2021-02-18,"2021",0,-1.31202916666667,1.55481203007519,49
2021-02-19,"2021",20.828,0.616022222222222,3.2838819523269,50
2021-02-20,"2021",0,-3.71679097222222,2.83728888888889,51
2021-02-21,"2021",0,-2.37694166666667,1.79257777777778,52
2021-02-22,"2021",6.604,3.88315763888889,2.64994930555556,53
2021-02-23,"2021",0,7.85083630111111,2.22790347222222,54
2021-02-24,"2021",0,9.24717109444444,2.60865902777778,55
2021-02-25,"2021",0,9.51187898333333,2.77562916666667,56
2021-02-26,"2021",5.588,3.94031041666667,1.72335833333333,57
2021-02-27,"2021",11.176,5.70365208333333,1.11228888888889,58
2021-02-28,"2021",8.636,9.51703472222222,1.46153541666667,59
2021-03-01,"2021",6.096,9.66533402777778,2.68982847222222,60
2021-03-02,"2021",0,2.26057222222222,2.2202375,61
2021-03-03,"2021",0,6.34377274111111,2.32033541666667,62
2021-03-04,"2021",0,8.24881063333333,2.7183625,63
2021-03-05,"2021",0,1.77509166666667,2.72357430555556,64
2021-03-06,"2021",0,3.68005,2.5997125,65
2021-03-07,"2021",0,2.56317222222222,1.96280069444444,66
2021-03-08,"2021",0,4.86749097222222,2.05128333333333,67
2021-03-09,"2021",0,10.9581373655556,2.15498263888889,68
2021-03-10,"2021",0,11.8048319444444,2.16957708333333,69
2021-03-11,"2021",0,13.8991031,2.02860625,70
2021-03-12,"2021",0,15.5982916666667,2.4258125,71
2021-03-13,"2021",0,11.3165333333333,2.38389583333333,72
2021-03-14,"2021",0,10.62543125,3.64342777777778,73
2021-03-15,"2021",1.27,5.73986944444444,1.81357777777778,74
2021-03-16,"2021",0,3.58791666666667,1.86088333333333,75
2021-03-17,"2021",1.27,7.80335763888889,1.85256805555556,76
2021-03-18,"2021",18.796,8.19683680555556,1.92709375,77
2021-03-19,"2021",11.684,6.57399791666667,3.91794444444444,78
2021-03-20,"2021",0,4.92251111111111,1.52931875,79
2021-03-21,"2021",0,7.28211666666667,1.75371944444444,80
2021-03-22,"2021",0,10.0810319444444,2.04800208333333,81
2021-03-23,"2021",3.81,10.0192534722222,1.64333055555556,82
2021-03-24,"2021",0.508,12.035125,1.29011388888889,83
2021-03-25,"2021",8.382,13.4998472222222,2.2039375,84
2021-03-26,"2021",3.048,17.7807986111111,2.72361388888889,85
2021-03-27,"2021",7.874,12.9286787111111,1.74500902777778,86
2021-03-28,"2021",10.414,13.3998534722222,2.40141736111111,87
2021-03-29,"2021",0,7.82337847222222,2.32475763888889,88
2021-03-30,"2021",0,11.6984388888889,2.48733888888889,89
2021-03-31,"2021",12.954,13.5742854166667,2.27013888888889,90
2021-04-01,"2021",0.508,2.80399791666667,4.61828125,91
2021-04-02,"2021",0,0.735370833333333,4.22719652777778,92
2021-04-03,"2021",0,5.53776388888889,2.17316180555556,93
2021-04-04,"2021",0,13.4808180555556,2.47872152777778,94
2021-04-05,"2021",0,14.5642506944444,2.10551527777778,95
2021-04-06,"2021",0,17.1648194444444,2.26477013888889,96
2021-04-07,"2021",0,17.8617241,2.19575069444444,97
2021-04-08,"2021",1.016,17.1256736111111,2.21927430555556,98
2021-04-09,"2021",0,14.4795,1.41007916666667,99
2021-04-10,"2021",17.78,14.5817638888889,2.02541180555556,100
2021-04-11,"2021",0,16.5963194444444,2.01771388888889,101
2021-04-12,"2021",0,14.5649791666667,2.84677708333333,102
2021-04-13,"2021",0,16.2818680555556,2.04466111111111,103
2021-04-14,"2021",4.318,15.3140833333333,1.69263541666667,104
2021-04-15,"2021",0.254,11.9305631944444,2.21559305555556,105
2021-04-16,"2021",0,10.72436875,2.48282708333333,106
2021-04-17,"2021",0,11.0939548611111,1.60724930555556,107
2021-04-18,"2021",0,12.3176819444444,1.85690069444444,108
2021-04-19,"2021",7.112,11.9422173611111,1.56527986111111,109
2021-04-20,"2021",0,15.1038277777778,2.57443402777778,110
2021-04-21,"2021",0,8.65899097222222,2.12337361111111,111
2021-04-22,"2021",0,5.44059652777778,2.05024513888889,112
2021-04-23,"2021",0,7.97273541666667,1.58360972222222,113
2021-04-24,"2021",15.494,8.209675,1.61740486111111,114
2021-04-25,"2021",0,11.9043902777778,3.35057083333333,115
2021-04-26,"2021",0,15.1300958333333,1.96001666666667,116
2021-04-27,"2021",0,19.1698702444444,2.01194861111111,117
2021-04-28,"2021",0,22.9956180555556,1.75902222222222,118
2021-04-29,"2021",0,22.7508055555556,2.09550486111111,119
2021-04-30,"2021",0,16.872375,3.82102291666667,120
2021-05-01,"2021",0,13.0848291666667,2.42331666666667,121
2021-05-02,"2021",0,19.6798472222222,2.04297986111111,122
2021-05-03,"2021",3.81,17.8240277777778,1.56561527777778,123
2021-05-04,"2021",1.27,20.3045833333333,1.68899791666667,124
2021-05-05,"2021",0.508,18.4343125,2.49914305555556,125
2021-05-06,"2021",0,12.1610666666667,1.85536666666667,126
2021-05-07,"2021",0,10.0313486111111,1.83206388888889,127
2021-05-08,"2021",0.254,11.3156284722222,2.51096527777778,128
2021-05-09,"2021",0,14.7631694444444,2.49427847222222,129
2021-05-10,"2021",0,16.4317013888889,2.64444861111111,130
2021-05-11,"2021",0,14.1141736111111,1.66997152777778,131
2021-05-12,"2021",0,10.0248055555556,2.50530069444444,132
2021-05-13,"2021",0,11.8750798611111,2.13260694444444,133
2021-05-14,"2021",0,12.8153951388889,1.49615625,134
2021-05-15,"2021",0,14.0910388888889,1.84216666666667,135
2021-05-16,"2021",0.254,12.9527777777778,0.939765972222222,136
2021-05-17,"2021",0,13.7888333333333,1.12450902777778,137
2021-05-18,"2021",0,15.587125,1.26800555555556,138
2021-05-19,"2021",0,17.7241805555556,1.60166944444444,139
2021-05-20,"2021",0,19.2631111111111,1.80184930555556,140
2021-05-21,"2021",0,19.9175100888889,1.49680694444444,141
2021-05-22,"2021",0,21.2096388888889,1.96008055555556,142
2021-05-23,"2021",0,24.5411111111111,2.94449722222222,143
2021-05-24,"2021",0,22.7069930555556,2.02999444444444,144
2021-05-25,"2021",0,20.2673333333333,1.24974166666667,145
2021-05-26,"2021",0,24.6655486111111,1.63109930555556,146
2021-05-27,"2021",0,22.4315208333333,1.78724305555556,147
2021-05-28,"2021",0,19.9415138888889,1.21391527777778,148
2021-05-29,"2021",0,15.9341666666667,1.91184305555556,149
2021-05-30,"2021",0,12.1524027777778,2.0966,150
2021-05-31,"2021",0,15.1360416666667,1.64880625,151
2021-06-01,"2021",0,17.9577222222222,1.20739722222222,152
2021-06-02,"2021",0,19.9103402777778,1.69709236111111,153
2021-06-03,"2021",0,21.4447152777778,1.42850555555556,154
2021-06-04,"2021",0,21.9382430555556,1.91318888888889,155
2021-06-05,"2021",0,23.4501805555556,2.00719722222222,156
2021-06-06,"2021",0,24.6271875,1.27790416666667,157
2021-06-07,"2021",0,23.3172847222222,1.15284236111111,158
2021-06-08,"2021",0,22.8949375,1.55547569444444,159
2021-06-09,"2021",0,23.3021111111111,1.37975069444444,160
2021-06-10,"2021",0,22.6634583333333,0.908067361111111,161
2021-06-11,"2021",0,22.4925625,1.12433333333333,162
2021-06-12,"2021",0.762,21.2758819444444,1.38693888888889,163
2021-06-13,"2021",1.778,21.3421875,1.72474375,164
2021-06-14,"2021",1.778,22.9506458333333,1.60540486111111,165
2021-06-15,"2021",1.016,22.0953230444444,2.82166527777778,166
2021-06-16,"2021",0,19.6329513888889,2.53058402777778,167
2021-06-17,"2021",0,19.1964375,2.65271666666667,168
2021-06-18,"2021",0,21.7326413888889,1.40850972222222,169
2021-06-19,"2021",0,25.2645794944444,1.69037777777778,170
2021-06-20,"2021",0,24.1048680555556,1.04153958333333,171
2021-06-21,"2021",0.762,26.4209583333333,1.87305833333333,172
2021-06-22,"2021",12.192,21.0830625,2.45411944444444,173
2021-06-23,"2021",0,17.6365138888889,1.58263402777778,174
2021-06-24,"2021",0,18.2706666666667,1.19158125,175
2021-06-25,"2021",0,20.0533819444444,1.21789513888889,176
2021-06-26,"2021",0,23.6738263888889,1.18096944444444,177
2021-06-27,"2021",14.732,24.4575699555556,1.36348888888889,178
2021-06-28,"2021",0.254,25.0066815822346,1.05206523247745,179
2021-06-29,"2021",0,24.6082291666667,1.38167430555556,180
2021-06-30,"2021",0,25.8329166666667,1.46136805555556,181
2021-07-01,"2021",16.764,24.0958525,1.58756944444444,182
2021-07-02,"2021",7.62,22.4577721166667,1.80608472222222,183
2021-07-03,"2021",0,20.7527916666667,3.04031736111111,184
2021-07-04,"2021",0,22.5116268333333,1.71452430555556,185
2021-07-05,"2021",0,24.5128136111111,1.67740625,186
2021-07-06,"2021",0,25.8003075277778,1.37694097222222,187
2021-07-07,"2021",0,25.4712943055556,1.60691666666667,188
2021-07-08,"2021",1.524,23.2594540111111,1.62357430555556,189
2021-07-09,"2021",0,24.3857839333333,1.97543194444444,190
2021-07-10,"2021",2.286,23.6968773055556,1.8495,191
2021-07-11,"2021",0.254,24.6070655166667,1.46456944444444,192
2021-07-12,"2021",0,25.5298401388889,1.23875277777778,193
2021-07-13,"2021",0,25.1505790277778,1.72089375,194
2021-07-14,"2021",5.588,24.4224376833333,1.56237152777778,195
2021-07-15,"2021",0.508,24.7792469888889,1.45910277777778,196
2021-07-16,"2021",0,25.4260525722222,1.53205833333333,197
2021-07-17,"2021",7.366,25.4101645944444,1.78663055555556,198
2021-07-18,"2021",0,24.9067152777778,2.09675555555556,199
2021-07-19,"2021",0.254,23.1541823277778,1.22517986111111,200
2021-07-20,"2021",0,23.2468247222222,1.72088472222222,201
2021-07-21,"2021",0,25.4507335388889,2.16283055555556,202
2021-07-22,"2021",0,23.3589592444444,1.60856458333333,203
2021-07-23,"2021",0,23.1888790166667,1.27131944444444,204
2021-07-24,"2021",5.08,24.5672911833333,1.54781180555556,205
2021-07-25,"2021",1.778,24.7561001833333,0.979123611111111,206
2021-07-26,"2021",36.83,24.4987119055556,1.73153333333333,207
2021-07-27,"2021",0,24.7511639277778,1.67034722222222,208
2021-07-28,"2021",0,25.1921527777778,1.94992777777778,209
2021-07-29,"2021",0,25.4686805555556,1.62348958333333,210
2021-07-30,"2021",0,26.9666458333333,2.34514513888889,211
2021-07-31,"2021",0.762,23.8817171944444,1.29796111111111,212
2021-08-01,"2021",0,23.5078834611111,1.93554583333333,213
2021-08-02,"2021",0,22.9906367944444,1.91505,214
2021-08-03,"2021",0,21.8119375,0.967889583333333,215
2021-08-04,"2021",0,21.4969097222222,1.42524930555556,216
2021-08-05,"2021",0,22.2377847222222,1.35616805555556,217
2021-08-06,"2021",0,23.2228471666667,1.43388333333333,218
2021-08-07,"2021",0,22.9984603277778,1.26512152777778,219
2021-08-08,"2021",0,24.6019565166667,1.64988402777778,220
2021-08-09,"2021",0,25.2546359444444,1.25949305555556,221
2021-08-10,"2021",1.27,26.08930685,1.49838680555556,222
2021-08-11,"2021",2.032,25.5916815111111,1.79242291666667,223
2021-08-12,"2021",7.62,25.6736474111111,1.89746736111111,224
2021-08-13,"2021",2.54,25.4573263888889,1.96355,225
2021-08-14,"2021",3.81,25.7302613722222,2.29958333333333,226
2021-08-15,"2021",53.848,23.9229249111111,1.19159583333333,227
2021-08-16,"2021",9.144,22.9283062777778,1.03519097222222,228
2021-08-17,"2021",6.858,22.759678546471,1.37636617749825,229
2021-08-18,"2021",9.906,25.0363263888889,1.99396180555556,230
2021-08-19,"2021",21.336,24.8167222222222,1.92582013888889,231
2021-08-20,"2021",0.508,22.7404881944444,2.22135902777778,232
2021-08-21,"2021",0,22.8244109444444,1.61827638888889,233
2021-08-22,"2021",0,24.1851093166667,1.91345277777778,234
2021-08-23,"2021",0,24.9731725277778,2.40711111111111,235
2021-08-24,"2021",0,25.86975,1.66828263888889,236
2021-08-25,"2021",0,25.7383958333333,1.56838055555556,237
2021-08-26,"2021",0,25.9824225444444,1.47278472222222,238
2021-08-27,"2021",0.254,25.7005376333333,1.34139166666667,239
2021-08-28,"2021",0,26.7762025555556,1.43722013888889,240
2021-08-29,"2021",4.318,26.1574260166667,1.33601597222222,241
2021-08-30,"2021",0,25.4308037666667,1.88711180555556,242
2021-08-31,"2021",12.954,24.5844306611111,1.18495069444444,243
2021-09-01,"2021",23.368,22.4492152777778,2.71867152777778,244
2021-09-02,"2021",0,19.1049027777778,2.95272638888889,245
2021-09-03,"2021",0,18.1483194444444,1.63002569444444,246
2021-09-04,"2021",0,21.1183850666667,1.16953333333333,247
2021-09-05,"2021",0,23.9776792888889,1.23931944444444,248
2021-09-06,"2021",0.762,21.6222414666667,2.14278472222222,249
2021-09-07,"2021",0,21.5550564722222,1.76919097222222,250
2021-09-08,"2021",0,23.5812934944444,1.27215416666667,251
2021-09-09,"2021",0,21.7724481055556,2.64352152777778,252
2021-09-10,"2021",0,19.1743534777778,2.55693125,253
2021-09-11,"2021",0,18.8531319444444,1.46975972222222,254
2021-09-12,"2021",0,23.6198847277778,2.08014722222222,255
2021-09-13,"2021",0,24.8865949444444,2.93788055555556,256
2021-09-14,"2021",0,24.0531917555556,1.55160208333333,257
2021-09-15,"2021",0,23.35651645,1.20652222222222,258
2021-09-16,"2021",3.81,22.5456107055556,1.20235972222222,259
2021-09-17,"2021",0,22.152875,1.02284583333333,260
2021-09-18,"2021",0,23.2568958333333,1.39278055555556,261
2021-09-19,"2021",0,24.2722047555556,1.65697152777778,262
2021-09-20,"2021",0.254,22.5385414944444,1.48834375,263
2021-09-21,"2021",39.878,20.0741041666667,1.32078541666667,264
2021-09-22,"2021",78.486,20.3860277777778,2.58783402777778,265
2021-09-23,"2021",0,15.2250833333333,2.61704861111111,266
2021-09-24,"2021",0,12.9325756944444,1.92710763888889,267
2021-09-25,"2021",0,14.9372777777778,1.88719513888889,268
2021-09-26,"2021",0,15.6654444444444,2.58798333333333,269
2021-09-27,"2021",0,19.1580617388889,2.01584583333333,270
2021-09-28,"2021",0,20.8086332666667,2.46606736111111,271
2021-09-29,"2021",0,19.9686111111111,1.77440972222222,272
2021-09-30,"2021",0,18.3199568888889,1.54507083333333,273
2021-10-01,"2021",0,15.9467205666667,1.4836125,274
2021-10-02,"2021",0,18.2252089388889,1.41494375,275
2021-10-03,"2021",6.35,21.5042654833333,1.30578263888889,276
2021-10-04,"2021",0,21.0078402777778,0.925590277777778,277
2021-10-05,"2021",8.636,21.4522013888889,1.07979722222222,278
2021-10-06,"2021",0,21.2265486111111,1.01571111111111,279
2021-10-07,"2021",2.794,18.6430763888889,1.02598402777778,280
2021-10-08,"2021",0.762,17.9377013888889,0.721765277777778,281
2021-10-09,"2021",0.508,17.1949513888889,1.01141805555556,282
2021-10-10,"2021",0,17.2973680555556,2.22349305555556,283
2021-10-11,"2021",0,17.2658958333333,1.02336180555556,284
2021-10-12,"2021",0,18.6789791666667,0.66504375,285
2021-10-13,"2021",0,19.2625486111111,1.58142916666667,286
2021-10-14,"2021",0,19.8130069444444,2.04884305555556,287
2021-10-15,"2021",0,21.4417485888889,1.34854652777778,288
2021-10-16,"2021",1.27,17.8381739611111,2.04436944444444,289
2021-10-17,"2021",0,14.0506981055556,2.66856944444444,290
2021-10-18,"2021",0,13.6056797111111,1.72579236111111,291
2021-10-19,"2021",0,15.2457334944444,2.09521041666667,292
2021-10-20,"2021",0,16.6610430888889,1.97350694444444,293
2021-10-21,"2021",2.54,17.8468753166667,1.86991736111111,294
2021-10-22,"2021",0,16.0467381555556,2.37353541666667,295
2021-10-23,"2021",0,14.6246053666667,2.16231180555556,296
2021-10-24,"2021",0,16.8609891833333,1.30938541666667,297
2021-10-25,"2021",8.128,17.7321506666667,1.95319236111111,298
2021-10-26,"2021",0,14.8642430555556,2.82961736111111,299
2021-10-27,"2021",0,13.2583350333333,3.91952013888889,300
2021-10-28,"2021",8.382,14.2268507222222,1.55886597222222,301
2021-10-29,"2021",22.352,16.0671744944444,1.68835416666667,302
2021-10-30,"2021",2.54,13.7731009166667,0.853004861111111,303
2021-10-31,"2021",0,13.8593541666667,2.55982222222222,304
2021-11-01,"2021",0,12.7913055555556,2.59919652777778,305
2021-11-02,"2021",4.572,8.13324305555556,2.98750833333333,306
2021-11-03,"2021",0,5.72514583333333,1.39225347222222,307
2021-11-04,"2021",0,4.90524583333333,1.21689375,308
2021-11-05,"2021",0,4.81737013888889,2.05433055555556,309
2021-11-06,"2021",0,5.59859027777778,1.60844305555556,310
2021-11-07,"2021",0,10.2732616811111,3.46479513888889,311
2021-11-08,"2021",0,13.3214223833333,3.65693888888889,312
2021-11-09,"2021",0,16.8933010277778,2.46502986111111,313
2021-11-10,"2021",0,16.9044848333333,2.05693472222222,314
2021-11-11,"2021",7.874,14.2473338555556,1.69579583333333,315
2021-11-12,"2021",12.192,13.2036098666667,1.879525,316
2021-11-13,"2021",0,7.19897045888889,2.04146180555556,317
2021-11-14,"2021",0,5.37102361111111,1.63135833333333,318
2021-11-15,"2021",0,5.44294722222222,2.38866111111111,319
2021-11-16,"2021",0,10.0997303711111,1.54694305555556,320
2021-11-17,"2021",0,13.9175837011111,1.64289305555556,321
2021-11-18,"2021",0,15.0867911277778,2.53108680555556,322
2021-11-19,"2021",0,6.27671573777778,2.75496736111111,323
2021-11-20,"2021",0,4.21112978888889,1.09354652777778,324
2021-11-21,"2021",0,6.62362688888889,1.27666111111111,325
2021-11-22,"2021",0,9.91962202777778,2.97495763888889,326
2021-11-23,"2021",0,4.63006519,2.46680486111111,327
2021-11-24,"2021",0,4.97286428111111,1.65250555555556,328
2021-11-25,"2021",0,12.1574682177778,2.32681736111111,329
2021-11-26,"2021",0,6.96063270555556,2.60869513888889,330
2021-11-27,"2021",0,4.70690415111111,1.83412430555556,331
2021-11-28,"2021",0,10.05116302,2.64988611111111,332
2021-11-29,"2021",0,5.94339620888889,2.82351597222222,333
2021-11-30,"2021",0,9.78958497777778,1.82999861111111,334
2021-12-01,"2021",0,8.53011411222222,1.96166527777778,335
2021-12-02,"2021",0,15.42805619,2.52115347222222,336
2021-12-03,"2021",0,14.5513865611111,1.75676458333333,337
2021-12-04,"2021",0,13.26891715,1.98586180555556,338
2021-12-05,"2021",0,9.33784020222222,1.39765694444444,339
2021-12-06,"2021",0,13.4084697411111,2.55670069444444,340
2021-12-07,"2021",0,3.98858035222222,1.93936041666667,341
2021-12-08,"2021",0,7.05445346222222,1.54838958333333,342
2021-12-09,"2021",0,2.82817883777778,1.70273263888889,343
2021-12-10,"2021",5.334,7.45562951777778,1.00984861111111,344
2021-12-11,"2021",0.762,14.2697685777778,2.45917708333333,345
2021-12-12,"2021",0,5.26000912555556,3.30029375,346
2021-12-13,"2021",0,6.60305909111111,2.286075,347
2021-12-14,"2021",0,8.51511790111111,2.11261388888889,348
2021-12-15,"2021",0,7.06600915666667,1.70705347222222,349
2021-12-16,"2021",0,10.9774321477778,1.75890763888889,350
2021-12-17,"2021",0,15.5540138888889,1.69869722222222,351
2021-12-18,"2021",2.286,11.6032114833333,1.38129722222222,352
2021-12-19,"2021",0,7.31343333333333,4.52891805555556,353
2021-12-20,"2021",0,0.04876875,1.64209097222222,354
2021-12-21,"2021",0,3.72582569444444,1.46382083333333,355
2021-12-22,"2021",0,6.49484341444444,3.96813680555556,356
2021-12-23,"2021",0,4.31883019777778,3.06878680555556,357
2021-12-24,"2021",0,9.39971755333333,1.53547638888889,358
2021-12-25,"2021",0,15.4594491788889,2.21747569444444,359
2021-12-26,"2021",0,14.6450516944444,2.23110833333333,360
2021-12-27,"2021",0,10.6502957166667,1.60512013888889,361
2021-12-28,"2021",0,14.7151473777778,1.86829722222222,362
2021-12-29,"2021",5.842,13.5838402777778,1.80045486111111,363
2021-12-30,"2021",0.508,12.6401388888889,1.02611875,364
2021-12-31,"2021",0.508,11.4111215277778,1.18852361111111,365
2022-01-01,"2022",3.556,15.9027916666667,2.02432569444444,1
2022-01-02,"2022",18.288,13.7899930555556,2.78623819444444,2
2022-01-03,"2022",14.986,0.91786875,4.66744513888889,3
2022-01-04,"2022",1.778,-1.88826736111111,1.99037430555556,4
2022-01-05,"2022",2.54,2.85575069444444,1.65495,5
2022-01-06,"2022",0,5.04269444444444,2.133425,6
2022-01-07,"2022",0.254,-5.20762916666667,2.57150069444444,7
2022-01-08,"2022",0,-4.69704166666667,2.05831597222222,8
2022-01-09,"2022",4.572,3.31112847222222,1.64137361111111,9
2022-01-10,"2022",0,0.0887784722222222,2.68648888888889,10
2022-01-11,"2022",0,-3.53679444444444,1.79766388888889,11
2022-01-12,"2022",0,1.00656180555556,1.73844166666667,12
2022-01-13,"2022",0,4.50110763888889,2.06658888888889,13
2022-01-14,"2022",0,3.38090972222222,3.46194444444444,14
2022-01-15,"2022",0,-0.840620833333333,1.9498875,15
2022-01-16,"2022",0,-4.80242638888889,1.89959722222222,16
2022-01-17,"2022",0,-1.20923472222222,3.0956625,17
2022-01-18,"2022",9.652,-1.64000763888889,1.93640833333333,18
2022-01-19,"2022",5.588,0.598375694444444,1.64218958333333,19
2022-01-20,"2022",2.032,1.34958055555556,4.18104166666667,20
2022-01-21,"2022",0,-5.63086319444444,2.96604652777778,21
2022-01-22,"2022",0,-6.49419930555556,2.42901736111111,22
2022-01-23,"2022",0,0.932222916666667,2.40225486111111,23
2022-01-24,"2022",0,1.5537875,1.64817430555556,24
2022-01-25,"2022",0,4.73630555555556,3.13591319444444,25
2022-01-26,"2022",0,-2.65475347222222,2.73963888888889,26
2022-01-27,"2022",0,-3.33351111111111,1.33271666666667,27
2022-01-28,"2022",0.762,0.4485625,1.66507777777778,28
2022-01-29,"2022",0,-5.64666458333333,3.67140277777778,29
2022-01-30,"2022",0,-6.15519375,1.72796319444444,30
2022-01-31,"2022",0.762,-3.21684375,1.75543125,31
2022-02-01,"2022",0,-0.0647694444444444,1.13288958333333,32
2022-02-02,"2022",0.254,1.66544583333333,1.48126666666667,33
2022-02-03,"2022",25.146,5.42438333333333,1.93900069444444,34
2022-02-04,"2022",8.382,8.01495763888889,3.02749583333333,35
2022-02-05,"2022",0,-2.95264930555556,2.76864097222222,36
2022-02-06,"2022",0,-3.04909791666667,1.17990069444444,37
2022-02-07,"2022",2.032,-2.2397125,2.0164125,38
2022-02-08,"2022",0,1.70452916666667,2.19257708333333,39
2022-02-09,"2022",0,5.28125166666667,1.88204861111111,40
2022-02-10,"2022",0,7.35300069444444,1.84200347222222,41
2022-02-11,"2022",0,8.47469812555556,2.73579305555556,42
2022-02-12,"2022",0,9.056502,2.39897222222222,43
2022-02-13,"2022",2.286,1.07425416666667,3.25637222222222,44
2022-02-14,"2022",0,-2.24738333333333,1.91311458333333,45
2022-02-15,"2022",0,-0.544959722222222,1.67704652777778,46
2022-02-16,"2022",0,4.48424722222222,1.88682777777778,47
2022-02-17,"2022",1.778,12.9586597222222,3.73970347222222,48
2022-02-18,"2022",8.636,6.00418333333333,3.14013125,49
2022-02-19,"2022",0,1.30794722222222,3.09561527777778,50
2022-02-20,"2022",0,0.694565972222222,1.97948472222222,51
2022-02-21,"2022",0,7.73791736111111,2.16992083333333,52
2022-02-22,"2022",7.366,12.4337638888889,2.2503375,53
2022-02-23,"2022",3.556,14.7307708333333,2.42840486111111,54
2022-02-24,"2022",20.574,4.17814097222222,1.59091805555556,55
2022-02-25,"2022",2.54,5.88579375,3.31872361111111,56
2022-02-26,"2022",0,3.50539652777778,2.26396944444444,57
2022-02-27,"2022",0,6.68695555555556,2.05768611111111,58
2022-02-28,"2022",0,6.96535625,2.29905972222222,59
2022-03-01,"2022",0,8.54288445555555,1.47314930555556,60
2022-03-02,"2022",0,13.4470159722222,2.12333541666667,61
2022-03-03,"2022",0,14.9313195,2.31262708333333,62
2022-03-04,"2022",0,5.87879236111111,1.73427777777778,63
2022-03-05,"2022",0,12.0457819444444,2.17456319444444,64
2022-03-06,"2022",0,16.9849097222222,2.31183611111111,65
2022-03-07,"2022",2.286,17.1598832777778,3.59840625,66
2022-03-08,"2022",5.842,8.92956319444444,2.87908402777778,67
2022-03-09,"2022",12.446,6.73387291666667,2.05688541666667,68
2022-03-10,"2022",0,5.79470555555556,1.50737361111111,69
2022-03-11,"2022",0,8.48138888888889,1.79034861111111,70
2022-03-12,"2022",9.906,-0.346346527777778,4.23370208333333,71
2022-03-13,"2022",0.254,-0.0114033066666667,2.10868194444444,72
2022-03-14,"2022",0,8.88023506111111,2.27001041666667,73
2022-03-15,"2022",0,10.73435206,2.02289027777778,74
2022-03-16,"2022",4.572,11.7635722222222,1.61786736111111,75
2022-03-17,"2022",0.762,13.0660416666667,2.69042916666667,76
2022-03-18,"2022",0,14.8600805555556,2.72960972222222,77
2022-03-19,"2022",0,15.9835347222222,2.10536527777778,78
2022-03-20,"2022",0,10.1981111111111,2.63373055555556,79
2022-03-21,"2022",0,12.8462458333333,2.63166180555556,80
2022-03-22,"2022",0,14.11632145,1.99336319444444,81
2022-03-23,"2022",24.384,13.4561111111111,2.11153055555556,82
2022-03-24,"2022",6.604,14.6599375,1.66851597222222,83
2022-03-25,"2022",0,10.0509534722222,2.62658541666667,84
2022-03-26,"2022",0,4.44169097222222,3.11482986111111,85
2022-03-27,"2022",0,2.2352375,2.71146388888889,86
2022-03-28,"2022",0,2.27363263888889,2.62128819444444,87
2022-03-29,"2022",0,4.25712013888889,1.65346805555556,88
2022-03-30,"2022",0,10.9376673611111,2.58233055555556,89
2022-03-31,"2022",4.826,17.0891016055556,3.71757013888889,90
2022-04-01,"2022",0,8.05662083333333,2.65855902777778,91
2022-04-02,"2022",0,8.49608432222222,1.76765277777778,92
2022-04-03,"2022",0,11.8183535,2.98747083333333,93
2022-04-04,"2022",0,9.39769652777778,1.77530138888889,94
2022-04-05,"2022",18.796,14.1750558659218,1.60871857541899,95
2022-04-06,"2022",0.762,17.5079027777778,1.54683680555556,96
2022-04-07,"2022",7.874,13.6995763888889,2.13268402777778,97
2022-04-08,"2022",1.778,9.28206137777778,2.11178194444444,98
2022-04-09,"2022",0,5.28677291666667,1.96357847222222,99
2022-04-10,"2022",0,8.31834575555555,2.33867708333333,100
2022-04-11,"2022",0,15.0682905833333,2.35820138888889,101
2022-04-12,"2022",0,19.4313888888889,1.27367638888889,102
2022-04-13,"2022",0,19.9297291666667,2.96307638888889,103
2022-04-14,"2022",0,17.4470972222222,3.05706944444444,104
2022-04-15,"2022",0,14.2283152777778,2.07475486111111,105
2022-04-16,"2022",0,18.1988333333333,1.83327708333333,106
2022-04-17,"2022",0,14.1128263888889,2.3290125,107
2022-04-18,"2022",22.86,4.68390763888889,2.60753888888889,108
2022-04-19,"2022",0.254,5.51687569444444,2.51677013888889,109
2022-04-20,"2022",0,10.1287060833333,1.76169375,110
2022-04-21,"2022",0,14.2686666666667,1.97628888888889,111
2022-04-22,"2022",0,18.9765263444444,1.75226458333333,112
2022-04-23,"2022",0,19.8483055555556,1.87518611111111,113
2022-04-24,"2022",0,21.68258915,2.07557638888889,114
2022-04-25,"2022",0,22.3401663333333,1.93037638888889,115
2022-04-26,"2022",0.762,17.2146875,2.27557430555556,116
2022-04-27,"2022",0,12.0839041666667,3.15615694444444,117
2022-04-28,"2022",0,13.2194410277778,2.55892708333333,118
2022-04-29,"2022",0,12.0948194444444,1.40281319444444,119
2022-04-30,"2022",4.826,11.1049791666667,0.920561111111111,120
2022-05-01,"2022",0.254,13.5472430555556,0.954702777777778,121
2022-05-02,"2022",0,20.1725902777778,1.97049375,122
2022-05-03,"2022",3.048,19.0902361111111,1.79904236111111,123
2022-05-04,"2022",0.254,21.398375,2.28457569444444,124
2022-05-05,"2022",0,17.7354791666667,1.69277638888889,125
2022-05-06,"2022",20.32,16.0557083333333,1.72833055555556,126
2022-05-07,"2022",3.81,11.4585736111111,3.09394583333333,127
2022-05-08,"2022",0,8.31528402777778,3.387275,128
2022-05-09,"2022",0,11.4870611111111,2.24061041666667,129
2022-05-10,"2022",0,15.0486659722222,2.58988125,130
2022-05-11,"2022",0,17.2621763888889,2.33867777777778,131
2022-05-12,"2022",3.81,17.4120833333333,2.09149375,132
2022-05-13,"2022",2.54,18.4652222222222,1.35038888888889,133
2022-05-14,"2022",2.032,18.9872152777778,1.01231527777778,134
2022-05-15,"2022",0.254,20.369375,1.58233472222222,135
2022-05-16,"2022",0,20.3751388888889,1.81279513888889,136
2022-05-17,"2022",0,19.9042013888889,1.82482361111111,137
2022-05-18,"2022",0,19.9209513888889,1.80088472222222,138
2022-05-19,"2022",1.524,23.4530833333333,1.94702916666667,139
2022-05-20,"2022",0,23.9996736111111,1.49158333333333,140
2022-05-21,"2022",9.398,23.5688888888889,1.25587291666667,141
2022-05-22,"2022",3.81,22.012625,1.57139305555556,142
2022-05-23,"2022",41.402,17.5007361111111,1.68392083333333,143
2022-05-24,"2022",21.59,14.2799027777778,1.83262291666667,144
2022-05-25,"2022",1.524,15.0262916666667,1.29117638888889,145
2022-05-26,"2022",14.478,15.3281180555556,1.26662708333333,146
2022-05-27,"2022",23.114,18.0118819444444,2.03491041666667,147
2022-05-28,"2022",0,17.8400416666667,1.95747916666667,148
2022-05-29,"2022",0,19.6215972222222,1.66382152777778,149
2022-05-30,"2022",0,22.2271041666667,1.41207152777778,150
2022-05-31,"2022",0,24.0689861111111,1.81890625,151
2022-06-01,"2022",0,24.9041944444444,2.19152569444444,152
2022-06-02,"2022",0.508,25.3398333333333,2.26903402777778,153
2022-06-03,"2022",0,20.4967847222222,2.86334722222222,154
2022-06-04,"2022",0,19.7127661833333,1.75840972222222,155
2022-06-05,"2022",0,20.1020347222222,1.59059236111111,156
2022-06-06,"2022",0,20.8866953166667,1.37083958333333,157
2022-06-07,"2022",0,20.2798194444444,1.58743680555556,158
2022-06-08,"2022",11.43,23.0496666666667,1.21826111111111,159
2022-06-09,"2022",0.254,21.7801875,2.11798194444444,160
2022-06-10,"2022",0,19.0944444444444,1.89915555555556,161
2022-06-11,"2022",0,20.7286458333333,1.57665069444444,162
2022-06-12,"2022",0.254,23.9263541666667,1.24286111111111,163
2022-06-13,"2022",5.08,26.5397604944444,1.86752013888889,164
2022-06-14,"2022",2.032,25.4318541666667,1.76230555555556,165
2022-06-15,"2022",0,27.4221435166667,1.14069097222222,166
2022-06-16,"2022",17.78,27.2908034055556,1.26833402777778,167
2022-06-17,"2022",15.24,26.2842369388889,2.28956805555556,168
2022-06-18,"2022",0,22.1722986111111,4.03144861111111,169
2022-06-19,"2022",0,19.6981306444444,4.78378472222222,170
2022-06-20,"2022",0,20.0115555444444,2.14852361111111,171
2022-06-21,"2022",0,23.0436369388889,1.85180555555556,172
2022-06-22,"2022",0.508,26.7494437777778,3.14536736111111,173
2022-06-23,"2022",0.762,25.84728635,2.41077222222222,174
2022-06-24,"2022",0,25.3310552944444,1.02076597222222,175
2022-06-25,"2022",0,26.0440212111111,1.07019097222222,176
2022-06-26,"2022",2.54,24.9462839111111,0.824473611111111,177
2022-06-27,"2022",1.016,24.8546313180516,2.49075716332378,178
2022-06-28,"2022",0,22.1593004,2.35872361111111,179
2022-06-29,"2022",0,23.0533088277778,1.16227638888889,180
2022-06-30,"2022",0,25.9758026388889,1.30027638888889,181
2022-07-01,"2022",0,27.2812694277778,1.23733125,182
2022-07-02,"2022",8.89,25.3320495555556,1.14969791666667,183
2022-07-03,"2022",0.254,25.0074792777778,2.06475763888889,184
2022-07-04,"2022",0,24.8427502444444,1.18733611111111,185
2022-07-05,"2022",6.604,25.3027057440225,1.57826793248945,186
2022-07-06,"2022",25.146,26.5499438722222,2.53946041666667,187
2022-07-07,"2022",0,26.6451666666667,1.60901805555556,188
2022-07-08,"2022",7.62,25.6232361111111,1.16464722222222,189
2022-07-09,"2022",6.858,23.2299097222222,1.87580138888889,190
2022-07-10,"2022",12.7,19.0372152777778,1.05617986111111,191
2022-07-11,"2022",0,19.9902638888889,1.2955375,192
2022-07-12,"2022",11.684,26.1286147111111,1.75598680555556,193
2022-07-13,"2022",0,25.3958941,1.69857638888889,194
2022-07-14,"2022",3.048,23.8529642888889,1.88320833333333,195
2022-07-15,"2022",0,24.3541446680585,1.45644676409186,196
2022-07-16,"2022",0,24.2360039666667,0.966777777777778,197
2022-07-17,"2022",3.302,24.2652270611111,1.05650277777778,198
2022-07-18,"2022",6.604,24.3129209611111,1.06752430555556,199
2022-07-19,"2022",0,25.104125,1.73570277777778,200
2022-07-20,"2022",0,26.8269823944444,1.14091875,201
2022-07-21,"2022",0,26.8233749111111,1.62308472222222,202
2022-07-22,"2022",0,26.3435357388889,1.81153194444444,203
2022-07-23,"2022",0,26.8320705388889,1.76722986111111,204
2022-07-24,"2022",0,26.9236726777778,1.27171597222222,205
2022-07-25,"2022",0.508,26.8099844944444,1.46915902777778,206
2022-07-26,"2022",5.588,25.8629631111111,1.24159652777778,207
2022-07-27,"2022",3.302,24.5173543888889,1.38917013888889,208
2022-07-28,"2022",0.254,25.2650481611111,1.48110416666667,209
2022-07-29,"2022",0.762,26.1518089611111,1.58695694444444,210
2022-07-30,"2022",0,25.0754697777778,1.77052986111111,211
2022-07-31,"2022",43.942,24.4996000111111,1.00304722222222,212
2022-08-01,"2022",0.508,25.69354045,1.32349305555556,213
2022-08-02,"2022",0,26.7717605888889,1.83871319444444,214
2022-08-03,"2022",3.556,26.5912318833333,1.65986388888889,215
2022-08-04,"2022",0.254,26.8967026444444,1.31647847222222,216
2022-08-05,"2022",21.336,25.339789,1.49519375,217
2022-08-06,"2022",14.478,22.9935486111111,1.07466875,218
2022-08-07,"2022",0,25.4698338722222,1.30581111111111,219
2022-08-08,"2022",0.508,25.6721491722222,1.33270277777778,220
2022-08-09,"2022",16.51,26.6259523611111,1.75024236111111,221
2022-08-10,"2022",33.02,24.9079087888889,1.8531375,222
2022-08-11,"2022",0,24.4133076222222,2.43018888888889,223
2022-08-12,"2022",0,22.1032674777778,2.44374166666667,224
2022-08-13,"2022",0,20.3865129277778,1.42577916666667,225
2022-08-14,"2022",2.54,21.0049915,0.966294444444444,226
2022-08-15,"2022",34.036,19.1395138888889,1.0139125,227
2022-08-16,"2022",0.254,18.1455763888889,0.907477777777778,228
2022-08-17,"2022",0,19.5706597222222,1.42402152777778,229
2022-08-18,"2022",0,21.0717256,1.17270972222222,230
2022-08-19,"2022",0,22.4943427777778,1.23583194444444,231
2022-08-20,"2022",0,23.5989375111111,1.24059305555556,232
2022-08-21,"2022",14.224,22.9191031333333,0.925316666666667,233
2022-08-22,"2022",0,24.4269302833333,1.66188194444444,234
2022-08-23,"2022",0,23.1692398833333,2.13366388888889,235
2022-08-24,"2022",0,23.3908320777778,1.96834513888889,236
2022-08-25,"2022",1.27,24.82622675,1.15051319444444,237
2022-08-26,"2022",0,24.8559234944444,1.47806041666667,238
2022-08-27,"2022",0,24.9654784388889,1.80047916666667,239
2022-08-28,"2022",0,25.4507179833333,1.27498541666667,240
2022-08-29,"2022",0,25.3122537,1.18141458333333,241
2022-08-30,"2022",0,24.5695949555556,1.54145416666667,242
2022-08-31,"2022",0,23.3821674611111,1.99250555555556,243
2022-09-01,"2022",0,22.5237565444444,1.91890694444444,244
2022-09-02,"2022",0,23.3310030333333,1.56034027777778,245
2022-09-03,"2022",0,24.6158087666667,1.12526805555556,246
2022-09-04,"2022",22.86,24.0189712611111,0.917456944444444,247
2022-09-05,"2022",40.64,22.8823500444444,1.29550208333333,248
2022-09-06,"2022",0,23.8686794666667,1.90230138888889,249
2022-09-07,"2022",0,23.4978917,2.54815,250
2022-09-08,"2022",23.368,22.0509390666667,1.21218611111111,251
2022-09-09,"2022",0,20.6834650055556,1.35071388888889,252
2022-09-10,"2022",18.034,20.1097584333333,1.5348,253
2022-09-11,"2022",1.524,22.0903185333333,0.717073611111111,254
2022-09-12,"2022",7.62,23.4872736722222,1.67182291666667,255
2022-09-13,"2022",0,21.3296159111111,2.589625,256
2022-09-14,"2022",0,18.4727975888889,2.08109861111111,257
2022-09-15,"2022",0,20.3471825388889,1.96014791666667,258
2022-09-16,"2022",0,21.3859969166667,1.44892847222222,259
2022-09-17,"2022",0,20.5885983333333,1.50527777777778,260
2022-09-18,"2022",0,21.6438814611111,1.43132986111111,261
2022-09-19,"2022",0,22.3941936944444,1.71494652777778,262
2022-09-20,"2022",0,23.4180822722222,2.38715347222222,263
2022-09-21,"2022",0,22.5612854555556,1.63922986111111,264
2022-09-22,"2022",0,22.7798623833333,2.78542291666667,265
2022-09-23,"2022",0,15.3024796944444,3.59862361111111,266
2022-09-24,"2022",0,17.5132987555556,1.41377569444444,267
2022-09-25,"2022",5.08,18.6911631777778,1.49374375,268
2022-09-26,"2022",0,17.5352361111111,1.78147083333333,269
2022-09-27,"2022",0,14.5366342944444,1.78587222222222,270
2022-09-28,"2022",0,13.7588937277778,3.26406111111111,271
2022-09-29,"2022",0,13.8735817166667,3.35717222222222,272
2022-09-30,"2022",29.718,12.0889305555556,5.28536180555556,273
2022-10-01,"2022",45.974,11.9215277777778,3.50747222222222,274
2022-10-02,"2022",4.064,12.4672569444444,5.09164652777778,275
2022-10-03,"2022",0,13.4233611111111,3.3091625,276
2022-10-04,"2022",0,13.8038710277778,3.87691666666667,277
2022-10-05,"2022",0,16.1993409833333,4.18457013888889,278
2022-10-06,"2022",0,16.5339823,2.5755125,279
2022-10-07,"2022",0,18.9186840666667,2.67166736111111,280
2022-10-08,"2022",0,12.7945361111111,2.67709652777778,281
2022-10-09,"2022",0,10.5095297166667,2.14299166666667,282
2022-10-10,"2022",0,12.4193220444444,2.79610763888889,283
2022-10-11,"2022",0,13.7779549388889,1.78141736111111,284
2022-10-12,"2022",6.604,16.2057491888889,1.98045763888889,285
2022-10-13,"2022",1.524,18.3566805555556,2.76116319444444,286
2022-10-14,"2022",0,14.0053765066667,1.80780625,287
2022-10-15,"2022",0,15.9334313722222,1.61538541666667,288
2022-10-16,"2022",12.192,17.3044065222222,1.52913263888889,289
2022-10-17,"2022",1.016,15.4835043055556,1.74681875,290
2022-10-18,"2022",0,7.30730420555556,2.76258125,291
2022-10-19,"2022",0,7.26771873333333,1.99820486111111,292
2022-10-20,"2022",0,9.47106581666667,1.79184375,293
2022-10-21,"2022",0,11.5933397033333,1.75315,294
2022-10-22,"2022",0,12.6230795988889,1.81765555555556,295
2022-10-23,"2022",0,13.5688014655556,2.04947291666667,296
2022-10-24,"2022",0,16.1030910333333,2.05423888888889,297
2022-10-25,"2022",0,15.6715143333333,1.66166319444444,298
2022-10-26,"2022",2.286,16.3434131666667,2.10533125,299
2022-10-27,"2022",0,14.2932792388889,2.96556041666667,300
2022-10-28,"2022",0,12.3981467833333,1.31000625,301
2022-10-29,"2022",0,13.6506519777778,1.10971805555556,302
2022-10-30,"2022",0,13.7298954722222,0.9236875,303
2022-10-31,"2022",8.128,14.3144004666667,0.984606944444444,304
2022-11-01,"2022",0,16.0105332055556,2.45294930555556,305
2022-11-02,"2022",0.508,14.9741332277778,1.96785,306
2022-11-03,"2022",0,15.2567147166667,1.42698055555556,307
2022-11-04,"2022",0,18.0501570722222,1.321575,308
2022-11-05,"2022",1.778,20.2218674277778,2.73067847222222,309
2022-11-06,"2022",17.272,20.1892013888889,2.00826736111111,310
2022-11-07,"2022",0.254,20.1719236888889,2.377875,311
2022-11-08,"2022",0,14.9890882666667,1.93969166666667,312
2022-11-09,"2022",0,11.3686308733333,0.835759027777778,313
2022-11-10,"2022",4.572,15.2951858055556,1.41139583333333,314
2022-11-11,"2022",65.532,19.5456249833333,2.2042875,315
2022-11-12,"2022",0,17.1732933666667,2.35174861111111,316
2022-11-13,"2022",0,4.63358541666667,4.23871527777778,317
2022-11-14,"2022",0,3.88916617222222,0.895961805555556,318
2022-11-15,"2022",20.066,3.704625,0.171647222222222,319
2022-11-16,"2022",0,7.11647645555556,0.922805555555556,320
2022-11-17,"2022",0,1.96504791666667,1.97726458333333,321
2022-11-18,"2022",0,4.28832074,1.15390763888889,322
2022-11-19,"2022",0,5.51125138888889,2.18797013888889,323
2022-11-20,"2022",0,1.9994375,3.99319583333333,324
2022-11-21,"2022",0,2.58512184111111,1.50965763888889,325
2022-11-22,"2022",0,6.58745260222222,2.34284166666667,326
2022-11-23,"2022",0,9.31955010555555,3.14612152777778,327
2022-11-24,"2022",0,8.88795160777778,1.9846125,328
2022-11-25,"2022",0,12.6456217988889,2.74986875,329
2022-11-26,"2022",0,9.82299401111111,2.23052569444444,330
2022-11-27,"2022",3.048,11.58258115,1.77377222222222,331
2022-11-28,"2022",0,10.3386657388889,2.14183402777778,332
2022-11-29,"2022",0,8.24874517777778,1.868325,333
2022-11-30,"2022",12.192,11.5630927944444,2.49016388888889,334
2022-12-01,"2022",0,3.49940763888889,1.38939861111111,335
2022-12-02,"2022",0,5.61029591333333,2.04317569444444,336
2022-12-03,"2022",8.128,12.1750227111111,1.7077125,337
2022-12-04,"2022",0,4.69981388888889,2.87078194444444,338
2022-12-05,"2022",0,3.54058472222222,1.63964444444444,339
2022-12-06,"2022",17.272,8.39109882888889,1.18042291666667,340
2022-12-07,"2022",6.35,13.2132934833333,1.605025,341
2022-12-08,"2022",4.826,11.5594694388889,1.75276388888889,342
2022-12-09,"2022",3.302,6.76927638888889,1.08833263888889,343
2022-12-10,"2022",1.27,4.68222083333333,0.9815875,344
2022-12-11,"2022",0.254,5.95752638888889,1.37632222222222,345
2022-12-12,"2022",0,5.72222569444444,2.88575833333333,346
2022-12-13,"2022",0,1.70029305555556,1.2252875,347
2022-12-14,"2022",8.382,1.44619166666667,1.30629722222222,348
2022-12-15,"2022",18.796,1.14857361111111,1.87307430555556,349
2022-12-16,"2022",0,3.88527222222222,1.80552708333333,350
2022-12-17,"2022",0,3.38427361111111,1.679,351
2022-12-18,"2022",0,0.467328472222222,1.91791041666667,352
2022-12-19,"2022",0,0.0444486111111111,2.26868263888889,353
2022-12-20,"2022",0,-0.549076388888889,1.29392222222222,354
2022-12-21,"2022",0,1.37031805555556,1.30824027777778,355
2022-12-22,"2022",30.734,1.91711527777778,2.073375,356
2022-12-23,"2022",0.762,-6.66522708333333,3.54961736111111,357
2022-12-24,"2022",0,-12.5797159722222,3.09198194444444,358
2022-12-25,"2022",0,-6.37977430555556,3.31025972222222,359
2022-12-26,"2022",0,-3.71480625,1.88764305555556,360
2022-12-27,"2022",0,-0.400547916666667,1.92137430555556,361
2022-12-28,"2022",0,0.850647222222222,1.92992083333333,362
2022-12-29,"2022",0,5.69015744,2.28197777777778,363
2022-12-30,"2022",0,9.16884653888889,1.93734513888889,364
2022-12-31,"2022",7.366,11.1478020833333,1.20176875,365
